Date,Actual,Predicted
2015-03-31,261.0461730957031,262.59113
2015-04-01,267.3757629394531,261.78595
2015-04-06,265.8036499023437,261.8366
2015-04-07,262.6181335449219,262.30746
2015-04-08,260.7151184082031,262.74673
2015-04-09,265.265869140625,262.966
2015-04-10,263.3628234863281,263.39243
2015-04-13,262.2044982910156,263.75977
2015-04-15,260.63232421875,263.96292
2015-04-16,258.5638732910156,263.91226
2015-04-17,256.5781555175781,263.53085
2015-04-20,257.44683837890625,262.8043
2015-04-21,257.1986389160156,261.9874
2015-04-22,258.93621826171875,261.1627
2015-04-23,258.0260925292969,260.5477
2015-04-24,255.0474090576172,260.04816
2015-04-27,250.12437438964844,259.42233
2015-04-28,270.4371032714844,258.363
2015-04-29,273.16754150390625,258.77182
2015-04-30,273.9949645996094,260.3288
2015-05-04,272.4643249511719,262.57343
2015-05-05,271.760986328125,264.94403
2015-05-06,258.2742614746094,267.1281
2015-05-07,252.0273895263672,267.88522
2015-05-08,262.2872314453125,267.1304
2015-05-11,267.66534423828125,266.29837
2015-05-12,255.0060577392578,265.93478
2015-05-13,262.8250427246094,264.87772
2015-05-14,260.5910339355469,264.10718
2015-05-15,258.4397888183594,263.4049
2015-05-18,261.6666564941406,262.6331
2015-05-19,260.9219665527344,262.14572
2015-05-20,263.73516845703125,261.8232
2015-05-21,259.4326477050781,261.86594
2015-05-22,259.4740600585937,261.78854
2015-05-25,258.2742614746094,261.6413
2015-05-26,256.24713134765625,261.36026
2015-05-27,259.10174560546875,260.84943
2015-05-28,260.2186889648437,260.46664
2015-05-29,262.4940185546875,260.29266
2015-06-01,261.83221435546875,260.458
2015-06-02,251.94461059570312,260.7769
2015-06-03,244.70486450195312,260.3574
2015-06-04,244.15777587890625,258.898
2015-06-05,239.10797119140625,256.8397
2015-06-08,238.3084716796875,254.15785
2015-06-09,241.6328887939453,251.23976
2015-06-10,246.17770385742188,248.6922
2015-06-11,242.81118774414065,246.97745
2015-06-12,249.0813751220703,245.68167
2015-06-15,251.8166656494141,245.27696
2015-06-16,254.21533203125,245.70697
2015-06-17,253.626205444336,246.83693
2015-06-18,255.30943298339844,248.2744
2015-06-19,256.31939697265625,249.92113
2015-06-22,265.1565246582031,251.64131
2015-06-23,263.8519897460937,253.982
2015-06-24,267.428955078125,256.42163
2015-06-25,264.9461364746094,259.0106
2015-06-26,262.3370666503906,261.27014
2015-06-29,261.916259765625,262.9055
2015-06-30,259.2230529785156,263.95752
2015-07-01,262.7579040527344,264.31845
2015-07-02,263.43115234375,264.49136
2015-07-03,264.7357788085937,264.58575
2015-07-06,265.2406616210937,264.7327
2015-07-07,263.0945739746094,264.94522
2015-07-08,258.84429931640625,265.00674
2015-07-09,260.4854431152344,264.61487
2015-07-10,263.5574951171875,264.09485
2015-07-13,266.2927551269531,263.78757
2015-07-14,263.8099365234375,263.87177
2015-07-15,264.8199157714844,264.00162
2015-07-16,266.8818664550781,264.23306
2015-07-17,267.17645263671875,264.67862
2015-07-20,265.78778076171875,265.24908
2015-07-21,262.1266174316406,265.73764
2015-07-22,266.6293334960937,265.82913
2015-07-23,263.3470153808594,266.0238
2015-07-24,252.99493408203125,265.99945
2015-07-27,244.9994354248047,264.98654
2015-07-28,239.8654937744141,262.76266
2015-07-29,243.4423828125,259.52347
2015-07-30,244.91522216796875,256.1983
2015-07-31,254.50987243652344,253.22911
2015-08-03,263.3470153808594,251.53456
2015-08-04,264.3149108886719,251.54086
2015-08-05,262.04248046875,252.73761
2015-08-06,261.7900390625,254.4185
2015-08-07,261.0325622558594,256.2406
2015-08-10,260.5697021484375,257.92706
2015-08-11,254.3836669921875,259.33652
2015-08-12,245.4623260498047,259.9348
2015-08-13,245.6727294921875,259.22226
2015-08-14,254.67823791503903,257.73572
2015-08-17,254.93067932128903,256.61264
2015-08-18,253.4157867431641,255.8519
2015-08-19,256.2772827148437,255.27608
2015-08-20,251.01708984375,255.10489
2015-08-21,249.54421997070312,254.78072
2015-08-24,227.19888305664065,254.26114
2015-08-25,238.6030120849609,251.8329
2015-08-26,234.01608276367188,249.2941
2015-08-27,237.71929931640625,246.5281
2015-08-28,238.77134704589844,244.15775
2015-08-31,233.889892578125,242.33694
2015-09-01,228.04052734375,240.63654
2015-09-02,222.90655517578125,238.68364
2015-09-03,224.5898284912109,236.31233
2015-09-04,216.93093872070312,234.00125
2015-09-07,209.6508331298828,231.30899
2015-09-08,219.4979248046875,228.01105
2015-09-09,222.654052734375,225.38512
2015-09-10,225.05270385742188,223.67776
2015-09-11,225.1789703369141,222.91068
2015-09-14,229.2608795166016,222.83153
2015-09-15,225.97853088378903,223.53033
2015-09-16,229.6396026611328,224.40958
2015-09-18,233.8477783203125,225.61826
2015-09-21,235.0681610107422,227.27396
2015-09-22,227.703857421875,229.17874
2015-09-23,230.0604553222656,230.48897
2015-09-24,225.81016540527344,231.48355
2015-09-28,225.641830444336,231.84323
2015-09-29,226.3993225097656,231.74426
2015-09-30,227.53553771972656,231.41733
2015-10-01,224.8002319335937,231.06456
2015-10-05,236.45684814453125,230.50798
2015-10-06,237.9717712402344,230.8052
2015-10-07,238.1822204589844,231.76204
2015-10-08,234.352783203125,233.08669
2015-10-09,240.7912750244141,234.22559
2015-10-12,242.0536956787109,235.65997
2015-10-13,241.92745971679688,237.26576
2015-10-14,238.09803771972656,238.8363
2015-10-15,241.0016632080078,239.9383
2015-10-16,243.61073303222656,240.87364
2015-10-19,241.717041015625,241.83301
2015-10-20,240.8754119873047,242.57588
2015-10-21,237.9297332763672,243.04758
2015-10-23,240.91749572753903,243.06383
2015-10-26,240.1600646972656,243.02467
2015-10-27,238.77134704589844,242.89386
2015-10-28,228.2509307861328,242.6044
2015-10-29,228.46131896972656,241.38455
2015-10-30,233.13235473632807,239.67772
2015-11-02,235.278549194336,238.17732
2015-11-03,235.19439697265625,237.11824
2015-11-04,230.0604553222656,236.43517
2015-11-05,227.28302001953125,235.64159
2015-11-06,224.8002319335937,234.61566
2015-11-09,221.4757537841797,233.32146
2015-11-10,221.18121337890625,231.69273
2015-11-13,220.29751586914065,229.96014
2015-11-16,224.92648315429688,228.23737
2015-11-17,225.43142700195312,227.04091
2015-11-18,219.203353881836,226.33333
2015-11-19,224.2111053466797,225.50543
2015-11-20,222.99073791503903,225.06606
2015-11-23,223.83233642578125,224.81844
2015-11-24,221.6441192626953,224.7829
2015-11-26,222.1911773681641,224.71136
2015-11-27,227.28302001953125,224.66347
2015-11-30,230.228744506836,225.04248
2015-12-01,230.52333068847656,225.90712
2015-12-02,227.5775909423828,227.04091
2015-12-03,223.70608520507807,228.0157
2015-12-04,220.04502868652344,228.48785
2015-12-07,221.39161682128903,228.29276
2015-12-08,220.04502868652344,227.78488
2015-12-09,218.3617401123047,227.01021
2015-12-10,217.9409027099609,225.99512
2015-12-11,209.8191375732422,224.87744
2015-12-14,209.5666656494141,223.13818
2015-12-15,207.3784027099609,221.11832
2015-12-16,212.13365173339844,218.9117
2015-12-17,213.0594482421875,217.15056
2015-12-18,210.4924468994141,215.90674
2015-12-21,217.30967712402344,214.90202
2015-12-22,218.4458770751953,214.6783
2015-12-23,220.3816375732422,215.07452
2015-12-24,217.0992889404297,215.99469
2015-12-28,222.2332305908203,216.9133
2015-12-29,222.8223876953125,218.15724
2015-12-30,220.802474975586,219.55475
2015-12-31,219.96083068847656,220.77156
2016-01-01,221.3495330810547,221.69719
2016-01-04,215.0793609619141,222.46431
2016-01-05,216.04722595214844,222.56142
2016-01-06,210.4924468994141,222.28923
2016-01-07,207.6729736328125,221.35612
2016-01-08,206.24221801757807,219.8461
2016-01-11,201.5290679931641,217.97487
2016-01-12,199.25665283203125,215.65337
2016-01-13,201.57113647460932,213.05466
2016-01-14,198.4150238037109,210.67986
2016-01-15,188.90457153320312,208.4042
2016-01-18,187.76840209960932,205.6301
2016-01-19,192.5235748291016,202.66739
2016-01-20,188.86248779296875,200.20406
2016-01-21,190.46157836914065,197.98854
2016-01-22,195.8901214599609,196.24446
2016-01-25,198.6675262451172,195.38123
2016-01-27,199.7195587158203,195.3867
2016-01-28,196.2688446044922,196.04128
2016-01-29,193.70187377929688,196.7878
2016-02-01,182.80274963378903,197.31926
2016-02-02,177.07962036132812,196.79674
2016-02-03,171.7352752685547,195.16734
2016-02-04,171.65109252929688,192.52812
2016-02-05,176.2379913330078,189.44637
2016-02-08,175.52261352539062,186.70099
2016-02-09,176.2379913330078,184.36015
2016-02-10,174.42849731445312,182.53844
2016-02-11,167.69540405273438,181.066
2016-02-12,162.8980712890625,179.41292
2016-02-15,171.2723388671875,177.39348
2016-02-16,165.46507263183594,175.94566
2016-02-17,160.54153442382812,174.54619
2016-02-18,165.0863494873047,172.90526
2016-02-19,167.31668090820312,171.58789
2016-02-22,167.02212524414062,170.76764
2016-02-23,161.5935821533203,170.31952
2016-02-24,157.38539123535156,169.72734
2016-02-25,154.0188751220703,168.75334
2016-02-26,155.5338134765625,167.34117
2016-02-29,159.95237731933594,165.87215
2016-03-01,172.49273681640625,164.83252
2016-03-02,185.1593017578125,165.13835
2016-03-03,183.47604370117188,167.2994
2016-03-04,185.58010864257807,170.37997
2016-03-08,182.50816345214844,173.9617
2016-03-09,182.0873565673828,177.32378
2016-03-10,181.37193298339844,180.21536
2016-03-11,179.98326110839844,182.49481
2016-03-14,186.5479888916016,184.07256
2016-03-15,186.2954864501953,185.57605
2016-03-16,190.54574584960932,186.8968
2016-03-17,191.68199157714844,188.32733
2016-03-18,193.7439422607422,189.80669
2016-03-21,197.65753173828125,191.35976
2016-03-22,196.6055145263672,193.1419
2016-03-23,197.1104736328125,194.84471
2016-03-28,189.74620056152344,196.39117
2016-03-29,188.0208740234375,197.12238
2016-03-30,199.88787841796875,197.11679
2016-03-31,199.1725006103516,197.56772
2016-04-01,200.5612030029297,198.23714
2016-04-04,200.93994140625,199.10825
2016-04-05,189.8724365234375,200.07018
2016-04-06,187.30545043945312,200.13396
2016-04-07,185.4117889404297,199.39333
2016-04-08,186.2113342285156,198.03801
2016-04-11,189.114974975586,196.46152
2016-04-12,192.5235748291016,195.10883
2016-04-13,202.53903198242188,194.29268
2016-04-18,199.59332275390625,194.69221
2016-04-20,200.35076904296875,195.6302
2016-04-21,212.97528076171875,196.89688
2016-04-22,212.0915679931641,199.26642
2016-04-25,212.89111328125,202.09552
2016-04-26,213.81692504882807,205.04808
2016-04-27,205.8634796142578,207.90259
2016-04-28,202.07614135742188,209.81606
2016-04-29,199.4250030517578,210.64488
2016-05-02,190.8403167724609,210.48311
2016-05-03,186.0851287841797,209.01004
2016-05-04,180.48825073242188,206.43213
2016-05-05,180.65655517578125,202.91463
2016-05-06,183.9810028076172,199.10088
2016-05-09,189.6199493408203,195.68571
2016-05-10,189.7882843017578,193.27058
2016-05-11,188.4837646484375,191.73177
2016-05-12,195.090576171875,190.79
2016-05-13,190.62991333007807,190.82935
2016-05-16,188.3154296875,191.15393
2016-05-17,190.16700744628903,191.4449
2016-05-18,190.5878448486328,191.82613
2016-05-19,189.83038330078125,192.26529
2016-05-20,185.2434539794922,192.6454
2016-05-23,186.0851287841797,192.59293
2016-05-24,188.98873901367188,192.325
2016-05-25,197.7838134765625,192.16917
2016-05-26,202.9598693847656,192.79805
2016-05-27,204.64312744140625,194.30647
2016-05-30,205.779296875,196.40262
2016-05-31,205.9055328369141,198.79591
2016-06-01,202.0340576171875,201.18831
2016-06-02,203.128158569336,203.06671
2016-06-03,205.14810180664065,204.5314
2016-06-06,204.9376983642578,205.76257
2016-06-07,213.85899353027344,206.72462
2016-06-08,216.8467712402344,208.1428
2016-06-09,214.2377319335937,209.98749
2016-06-10,212.59654235839844,211.75255
2016-06-13,205.14810180664065,213.18309
2016-06-14,206.15805053710932,213.67615
2016-06-15,208.6829376220703,213.5905
2016-06-16,205.33303833007807,213.33762
2016-06-17,204.81765747070312,212.73636
2016-06-20,204.5170288085937,211.92044
2016-06-21,204.30226135253903,211.01205
2016-06-22,205.2900848388672,210.10544
2016-06-23,206.922103881836,209.35689
2016-06-24,198.37550354003903,208.90623
2016-06-27,199.8786773681641,208.01007
2016-06-28,200.2652282714844,207.01175
2016-06-29,203.2715606689453,206.06099
2016-06-30,206.62147521972656,205.46158
2016-07-01,206.4496917724609,205.41158
2016-07-04,213.1495056152344,205.71426
2016-07-05,210.5297088623047,206.75348
2016-07-07,210.31497192382807,207.98079
2016-07-08,207.8240203857422,209.20639
2016-07-11,214.6097717285156,210.12517
2016-07-12,224.7883758544922,211.30309
2016-07-13,224.31591796875,213.36827
2016-07-14,230.7151336669922,215.81143
2016-07-15,228.2671356201172,218.80919
2016-07-18,226.24856567382807,221.72137
2016-07-19,231.18756103515625,224.16507
2016-07-20,229.770263671875,226.4889
2016-07-21,224.96014404296875,228.42549
2016-07-22,226.29153442382807,229.55908
2016-07-25,230.7580718994141,230.17953
2016-07-26,224.74539184570312,230.77597
2016-07-27,232.4330291748047,230.8285
2016-07-28,233.6355743408203,231.1436
2016-07-29,225.819091796875,231.70576
2016-08-01,214.30911254882807,231.75482
2016-08-02,210.70150756835932,230.53473
2016-08-03,207.95285034179688,228.29558
2016-08-04,206.4496917724609,225.36246
2016-08-05,211.25979614257807,222.11111
2016-08-08,210.65853881835932,219.31909
2016-08-09,210.74444580078125,217.02321
2016-08-10,205.5907287597656,215.25534
2016-08-11,208.4682159423828,213.5696
2016-08-12,211.25979614257807,212.30278
2016-08-16,213.4931030273437,211.63625
2016-08-17,212.67710876464844,211.59541
2016-08-18,217.22955322265625,211.9007
2016-08-19,218.0884704589844,212.7656
2016-08-22,216.67124938964844,213.99127
2016-08-23,214.910385131836,215.23416
2016-08-24,213.4072265625,216.23878
2016-08-25,212.1187744140625,216.87932
2016-08-26,210.70150756835932,217.12347
2016-08-29,215.1680450439453,216.97543
2016-08-30,220.1070556640625,216.94254
2016-08-31,221.61021423339844,217.38818
2016-09-01,224.1441345214844,218.23518
2016-09-02,224.4447631835937,219.47754
2016-09-06,234.23684692382807,220.8967
2016-09-07,238.91815185546875,223.0948
2016-09-08,237.3720245361328,225.9957
2016-09-09,235.4393920898437,228.98695
2016-09-12,230.37155151367188,231.62294
2016-09-14,233.1631622314453,233.38783
2016-09-15,232.4330291748047,234.65509
2016-09-16,229.6414337158203,235.43277
2016-09-19,233.29200744628903,235.60382
2016-09-20,233.72146606445312,235.6634
2016-09-21,231.831771850586,235.68568
2016-09-22,236.6419219970703,235.53392
2016-09-23,232.9913482666016,235.67203
2016-09-26,225.51844787597656,235.69516
2016-09-27,223.32814025878903,235.03734
2016-09-28,223.97235107421875,233.81111
2016-09-29,215.03921508789065,232.36952
2016-09-30,216.5853271484375,230.19417
2016-10-03,220.02114868164065,227.85056
2016-10-04,221.7819976806641,225.87517
2016-10-05,219.41989135742188,224.45442
2016-10-06,215.81228637695312,223.33002
2016-10-07,215.2539520263672,222.20332
2016-10-10,214.824447631836,221.12108
2016-10-13,207.1368560791016,220.12193
2016-10-14,207.65223693847656,218.6454
2016-10-17,222.25442504882807,217.01906
2016-10-18,232.2183074951172,216.59818
2016-10-19,227.66586303710932,217.80827
2016-10-20,238.4457092285156,219.6267
2016-10-21,238.27395629882807,222.5485
2016-10-24,244.4154510498047,225.92941
2016-10-25,248.4525604248047,229.8143
2016-10-26,239.1328887939453,234.02321
2016-10-27,244.20071411132807,237.32948
2016-10-28,237.801498413086,240.16888
2016-11-01,236.51307678222656,241.94153
2016-11-02,233.5496826171875,242.76398
2016-11-03,231.70294189453125,242.65976
2016-11-04,231.74588012695312,241.81647
2016-11-07,239.3905639648437,240.57344
2016-11-08,243.25587463378903,239.80128
2016-11-09,241.7527008056641,239.7229
2016-11-10,251.3300170898437,239.98706
2016-11-11,237.4149780273437,241.22766
2016-11-15,231.70294189453125,241.86943
2016-11-16,228.6536407470703,241.59479
2016-11-17,229.89913940429688,240.49107
2016-11-18,227.279296875,239.04082
2016-11-21,224.3588714599609,237.28133
2016-11-22,225.6472625732422,235.23994
2016-11-23,227.5799560546875,233.29625
2016-11-24,222.7268829345703,231.74094
2016-11-25,223.41403198242188,230.1838
2016-11-28,219.29103088378903,228.81174
2016-11-29,219.41989135742188,227.34393
2016-11-30,228.09532165527344,225.94585
2016-12-01,222.59800720214844,225.40681
2016-12-02,222.89865112304688,225.03679
2016-12-05,224.0582427978516,224.82983
2016-12-06,224.1871032714844,224.8364
2016-12-07,222.2115173339844,224.9903
2016-12-08,225.69024658203125,225.06726
2016-12-09,230.5863037109375,225.36458
2016-12-12,227.4940643310547,226.17482
2016-12-13,227.1075439453125,227.00542
2016-12-14,223.800521850586,227.74568
2016-12-15,223.5858459472656,228.09529
2016-12-16,219.5487365722656,228.14006
2016-12-19,220.837142944336,227.65698
2016-12-20,216.11289978027344,226.97377
2016-12-21,217.53016662597656,225.84087
2016-12-22,217.2725067138672,224.62512
2016-12-23,216.32765197753903,223.43997
2016-12-26,213.1495056152344,222.30142
2016-12-27,217.78787231445312,221.03532
2016-12-28,216.2417449951172,220.16214
2016-12-29,215.6834259033203,219.49675
2016-12-30,219.29103088378903,218.97723
2017-01-02,216.41357421875,218.88272
2017-01-03,218.5180053710937,218.84315
2017-01-04,215.6834259033203,219.00768
2017-01-05,220.96600341796875,219.06308
2017-01-06,221.73904418945312,219.4623
2017-01-09,222.2115173339844,220.11588
2017-01-10,223.4999084472656,220.91873
2017-01-11,227.3652191162109,221.85358
2017-01-12,230.5004272460937,223.10501
2017-01-13,230.24273681640625,224.71039
2017-01-16,231.3163909912109,226.3914
2017-01-17,230.54335021972656,228.06436
2017-01-18,230.5863037109375,229.5264
2017-01-19,231.66001892089844,230.72871
2017-01-20,226.29153442382807,231.74579
2017-01-23,221.22369384765625,232.12392
2017-01-24,220.88009643554688,231.644
2017-01-25,223.2852020263672,230.61719
2017-01-27,233.6355743408203,229.51765
2017-01-30,232.60482788085932,229.30304
2017-01-31,231.01580810546875,229.61049
2017-02-01,241.3661499023437,230.10661
2017-02-02,245.48915100097656,231.51468
2017-02-03,241.83859252929688,233.73318
2017-02-06,249.3544464111328,235.9974
2017-02-07,247.46470642089844,238.70241
2017-02-08,245.48915100097656,241.31003
2017-02-09,244.8020172119141,243.46939
2017-02-10,241.8815460205078,245.0938
2017-02-13,241.9244842529297,245.99324
2017-02-14,244.5013427734375,246.34874
2017-02-15,241.15142822265625,246.53308
2017-02-16,239.4764709472656,246.32397
2017-02-17,243.08409118652344,245.74469
2017-02-20,242.5257873535156,245.26918
2017-02-21,244.63018798828125,244.86024
2017-02-22,245.789794921875,244.70326
2017-02-23,244.3725128173828,244.81938
2017-02-27,239.51942443847656,244.98886
2017-02-28,237.3720245361328,244.78288
2017-03-01,239.7341461181641,244.17244
2017-03-02,239.3476104736328,243.54057
2017-03-03,237.0284118652344,242.91933
2017-03-06,237.7156219482422,242.17287
2017-03-07,237.0714111328125,241.46529
2017-03-08,235.6970672607422,240.79233
2017-03-09,234.9240264892578,240.08899
2017-03-10,232.3900756835937,239.36325
2017-03-14,246.734619140625,238.4796
2017-03-15,244.9308319091797,238.72844
2017-03-16,244.3725128173828,239.5546
2017-03-17,241.0225982666016,240.64331
2017-03-20,236.25540161132807,241.53474
2017-03-21,233.67849731445312,241.82935
2017-03-22,227.62289428710932,241.4962
2017-03-23,229.29788208007807,240.2907
2017-03-24,235.99771118164065,238.75607
2017-03-27,234.6233673095703,237.68375
2017-03-28,237.93032836914065,236.9009
2017-03-29,242.3969116210937,236.64445
2017-03-30,241.66680908203125,237.1151
2017-03-31,237.801498413086,237.96098
2017-04-03,246.2621917724609,238.66318
2017-04-05,244.67315673828125,239.89105
2017-04-06,241.23731994628903,241.2277
2017-04-07,238.23098754882807,242.24153
2017-04-10,238.4887084960937,242.7109
2017-04-11,243.64242553710932,242.80379
2017-04-12,241.19436645507807,243.06242
2017-04-13,242.91229248046875,243.21304
2017-04-17,242.56869506835932,243.42267
2017-04-18,243.4276733398437,243.62622
2017-04-19,240.9796295166016,243.87878
2017-04-20,234.27980041503903,243.94301
2017-04-21,231.18756103515625,243.33418
2017-04-24,230.7580718994141,242.08557
2017-04-25,234.0650634765625,240.49109
2017-04-26,237.84445190429688,239.07722
2017-04-27,235.4823303222656,238.21196
2017-04-28,239.21878051757807,237.59152
2017-05-02,236.72781372070312,237.48549
2017-05-03,234.27980041503903,237.52127
2017-05-04,255.79660034179688,237.44518
2017-05-05,256.4408569335937,239.04048
2017-05-08,260.22021484375,241.6513
2017-05-09,258.20166015625,245.01335
2017-05-10,256.5267333984375,248.41113
2017-05-11,257.85809326171875,251.39854
2017-05-12,254.7229156494141,253.96552
2017-05-15,259.232421875,255.78021
2017-05-16,259.9625244140625,257.3194
2017-05-17,266.0611572265625,258.61087
2017-05-18,264.5150146484375,260.1361
2017-05-19,263.741943359375,261.56128
2017-05-22,260.9931945800781,262.73874
2017-05-23,262.8829650878906,263.42798
2017-05-24,263.4413146972656,263.89496
2017-05-25,272.8898010253906,264.2237
2017-05-26,276.1967468261719,265.21332
2017-05-29,270.4847106933594,266.82422
2017-05-30,276.0679016113281,268.23407
2017-05-31,280.4057006835937,269.85074
2017-06-01,274.9512634277344,271.81808
2017-06-02,273.2763061523437,273.3942
2017-06-05,274.650634765625,274.44156
2017-06-06,273.9635314941406,275.16663
2017-06-07,278.9024658203125,275.56396
2017-06-08,275.03717041015625,276.12604
2017-06-09,276.7121276855469,276.43063
2017-06-12,271.2147827148437,276.68445
2017-06-13,270.4417724609375,276.42953
2017-06-14,274.04937744140625,275.80423
2017-06-15,272.0737609863281,275.2908
2017-06-16,271.8590393066406,274.7336
2017-06-19,275.3807678222656,274.18198
2017-06-20,278.49298095703125,273.97354
2017-06-21,277.2073974609375,274.26443
2017-06-22,275.779052734375,274.75027
2017-06-23,277.921630859375,275.20303
2017-06-27,274.1601257324219,275.77057
2017-06-28,276.4931945800781,276.05118
2017-06-29,279.2547912597656,276.31436
2017-06-30,276.302734375,276.7717
2017-07-03,276.2074584960937,277.0735
2017-07-04,275.6838073730469,277.24225
2017-07-05,278.8739318847656,277.26657
2017-07-06,279.73095703125,277.45975
2017-07-07,275.8741760253906,277.81805
2017-07-10,277.54071044921875,277.9353
2017-07-11,275.8265991210937,278.02417
2017-07-12,278.39776611328125,277.94382
2017-07-13,283.682861328125,277.97394
2017-07-14,284.0161437988281,278.51132
2017-07-17,289.0155944824219,279.3612
2017-07-18,289.3965148925781,280.7571
2017-07-19,287.8252258300781,282.4181
2017-07-20,286.2540283203125,283.97647
2017-07-21,287.63482666015625,285.20023
2017-07-24,288.58709716796875,286.2131
2017-07-25,289.6346130371094,287.07953
2017-07-26,295.53875732421875,287.86447
2017-07-27,292.5390319824219,289.02246
2017-07-28,282.016357421875,290.07385
2017-07-31,288.1585998535156,290.0902
2017-08-01,288.1585998535156,289.94522
2017-08-02,287.44439697265625,289.7047
2017-08-03,281.587890625,289.3678
2017-08-04,282.111572265625,288.5128
2017-08-07,285.82550048828125,287.4415
2017-08-08,281.3973999023437,286.63107
2017-08-09,276.7312316894531,285.69376
2017-08-10,274.96954345703125,284.37082
2017-08-11,273.25543212890625,282.76593
2017-08-14,277.8740234375,280.97437
2017-08-16,280.87371826171875,279.60007
2017-08-17,279.1595153808594,278.8651
2017-08-18,279.1595153808594,278.46976
2017-08-21,279.49285888671875,278.32953
2017-08-22,279.92138671875,278.3922
2017-08-23,284.3494873046875,278.61447
2017-08-24,283.4924011230469,279.2864
2017-08-28,286.53973388671875,280.1207
2017-08-29,285.2065124511719,281.24146
2017-08-30,285.96832275390625,282.33954
2017-08-31,283.82574462890625,283.39075
2017-09-01,284.0638122558594,284.14114
2017-09-04,282.92108154296875,284.6506
2017-09-05,283.397216796875,284.86417
2017-09-06,281.25457763671875,284.9077
2017-09-07,278.6833801269531,284.6602
2017-09-08,278.064453125,284.03326
2017-09-11,276.9217529296875,283.16376
2017-09-12,277.3026123046875,282.1179
2017-09-13,278.064453125,281.0809
2017-09-14,279.6833190917969,280.20343
2017-09-15,277.6835327148437,279.64032
2017-09-18,279.01678466796875,279.16458
2017-09-19,280.5880126953125,278.8967
2017-09-20,276.6836853027344,278.91495
2017-09-21,271.35089111328125,278.79312
2017-09-22,263.87554931640625,278.14832
2017-09-25,266.1609802246094,276.59952
2017-09-26,269.2559509277344,274.7854
2017-09-27,263.2089233398437,273.21127
2017-09-28,262.7804260253906,271.43497
2017-09-29,263.3993835449219,269.649
2017-10-03,265.11346435546875,268.06104
2017-10-04,262.9232482910156,266.87964
2017-10-05,258.8284606933594,265.88428
2017-10-06,258.97137451171875,264.7582
2017-10-09,258.7808532714844,263.6526
2017-10-10,256.92388916015625,262.63693
2017-10-11,254.82891845703125,261.61398
2017-10-12,254.78131103515625,260.50174
2017-10-13,258.3523254394531,259.42184
2017-10-16,261.1615600585937,258.7471
2017-10-17,260.8282470703125,258.6243
2017-10-18,250.59130859375,258.84482
2017-10-19,245.54425048828125,258.43015
2017-10-23,250.0199279785156,257.21997
2017-10-24,253.82899475097656,255.95647
2017-10-25,291.1106872558594,255.07808
2017-10-26,284.9684143066406,257.58035
2017-10-27,286.7777709960937,261.58542
2017-10-30,286.20635986328125,266.38196
2017-10-31,285.77789306640625,271.224
2017-11-01,298.443115234375,275.6311
2017-11-02,301.5379943847656,280.41785
2017-11-03,300.8238220214844,285.2943
2017-11-06,301.0143127441406,289.75137
2017-11-07,297.5385131835937,293.56622
2017-11-08,290.920166015625,296.3407
2017-11-09,296.443359375,297.64487
2017-11-10,303.2997436523437,298.3466
2017-11-13,299.2525634765625,299.17236
2017-11-14,299.1097412109375,299.6741
2017-11-15,300.4429626464844,299.9179
2017-11-16,303.728271484375,300.08572
2017-11-17,309.5848083496094,300.46548
2017-11-20,303.34735107421875,301.44162
2017-11-21,304.6329345703125,302.19653
2017-11-22,303.6806945800781,302.85266
2017-11-23,304.2044372558594,303.30417
2017-11-24,302.06182861328125,303.6279
2017-11-27,301.8713073730469,303.66144
2017-11-28,298.2527160644531,303.49066
2017-11-29,299.8240051269531,302.90067
2017-11-30,292.8723449707031,302.22598
2017-12-01,290.6820678710937,300.9743
2017-12-04,289.7298583984375,299.28006
2017-12-05,290.6820678710937,297.36884
2017-12-06,285.2065124511719,295.566
2017-12-07,291.2058410644531,293.53677
2017-12-08,295.91961669921875,292.04156
2017-12-11,296.5862121582031,291.41492
2017-12-12,292.91998291015625,291.46432
2017-12-13,288.49188232421875,291.6435
2017-12-14,289.8250732421875,291.51993
2017-12-15,288.68231201171875,291.31796
2017-12-18,294.15789794921875,290.98422
2017-12-19,298.7288513183594,291.05133
2017-12-20,300.7286071777344,291.75485
2017-12-21,300.3953552246094,292.98035
2017-12-22,301.490478515625,294.41196
2017-12-26,302.96649169921875,295.94348
2017-12-27,297.87176513671875,297.52753
2017-12-28,300.2524719238281,298.5789
2017-12-29,299.0144958496094,299.39243
2018-01-01,295.4910583496094,299.8745
2018-01-02,294.9197082519531,299.80624
2018-01-03,299.966796875,299.34103
2018-01-04,299.6811218261719,299.08224
2018-01-05,297.9670104980469,298.95697
2018-01-08,299.1573486328125,298.78912
2018-01-09,297.68133544921875,298.70847
2018-01-10,297.1099548339844,298.5662
2018-01-11,294.7292785644531,298.3481
2018-01-12,302.5379638671875,297.89944
2018-01-15,313.5843505859375,297.99362
2018-01-16,318.1552734375,299.35568
2018-01-17,326.8685607910156,301.80838
2018-01-18,329.6301574707031,305.4925
2018-01-19,336.7246398925781,309.88654
2018-01-22,334.7248229980469,314.95712
2018-01-23,345.0094299316406,319.84857
2018-01-24,335.9151916503906,325.06906
2018-01-25,343.5810241699219,329.2617
2018-01-29,340.5813293457031,333.07962
2018-01-30,336.3913269042969,336.05496
2018-01-31,336.10565185546875,337.8691
2018-02-01,329.67779541015625,338.7513
2018-02-02,319.1075134277344,338.4046
2018-02-05,313.9653015136719,336.3995
2018-02-06,314.91754150390625,333.07193
2018-02-07,316.6792297363281,329.2704
2018-02-08,317.91717529296875,325.65155
2018-02-09,311.1560363769531,322.5803
2018-02-12,310.6799011230469,319.56595
2018-02-14,303.728271484375,316.81802
2018-02-15,312.96539306640625,313.89413
2018-02-16,305.7280578613281,311.89206
2018-02-19,304.49005126953125,310.04633
2018-02-20,302.10943603515625,308.3649
2018-02-21,303.96636962890625,306.73444
2018-02-22,303.1569519042969,305.43518
2018-02-23,307.346923828125,304.39523
2018-02-26,311.4416809082031,303.96768
2018-02-27,306.7755432128906,304.318
2018-02-28,298.30029296875,304.75107
2018-03-01,290.3964233398437,304.4894
2018-03-05,288.872802734375,303.13562
2018-03-06,280.9689025878906,301.06326
2018-03-07,273.01739501953125,298.04523
2018-03-08,282.7782287597656,294.0213
2018-03-09,278.7310485839844,290.51306
2018-03-12,286.3016357421875,287.30832
2018-03-13,289.8250732421875,285.21384
2018-03-14,291.4439392089844,284.31238
2018-03-15,287.0634460449219,284.3972
2018-03-16,283.8733215332031,284.74652
2018-03-19,280.4927673339844,284.96503
2018-03-20,278.064453125,284.79
2018-03-21,275.3981018066406,284.16714
2018-03-22,269.7320556640625,283.08365
2018-03-23,262.3995056152344,281.32568
2018-03-26,268.2083435058594,278.6776
2018-03-27,270.3510437011719,276.16266
2018-03-28,265.06591796875,274.1292
2018-04-02,249.35336303710932,272.15292
2018-04-03,257.1619873046875,269.09256
2018-04-04,255.8288116455078,266.23004
2018-04-05,265.3515625,263.62793
2018-04-06,267.256103515625,262.20096
2018-04-09,267.44659423828125,261.8177
2018-04-10,275.0171203613281,262.16193
2018-04-11,270.969970703125,263.56668
2018-04-12,273.0650329589844,265.20306
2018-04-13,274.4934387207031,267.01605
2018-04-16,273.8744506835937,268.89874
2018-04-17,277.8263854980469,270.61002
2018-04-18,276.2074584960937,272.38657
2018-04-19,275.779052734375,273.91803
2018-04-20,268.6844787597656,275.1233
2018-04-23,266.06573486328125,275.42535
2018-04-24,270.5414733886719,274.898
2018-04-25,265.589599609375,274.24658
2018-04-26,265.5419921875,273.16455
2018-04-27,274.1601257324219,271.89682
2018-04-30,270.6366882324219,271.3289
2018-05-02,263.6850891113281,270.97617
2018-05-03,268.4464416503906,270.22256
2018-05-04,269.3511657714844,269.66168
2018-05-07,275.96942138671875,269.34488
2018-05-08,294.538818359375,269.75964
2018-05-09,292.1581420898437,272.14807
2018-05-10,292.2057800292969,275.42325
2018-05-11,296.1100769042969,278.99908
2018-05-14,295.3006591796875,282.77917
2018-05-15,293.53887939453125,286.2915
2018-05-16,283.0639038085937,289.17548
2018-05-17,281.8735046386719,290.5248
2018-05-18,272.4460754394531,290.6625
2018-05-21,275.4933166503906,289.21802
2018-05-22,276.4455261230469,287.13464
2018-05-23,278.112060546875,284.9025
2018-05-24,283.4924011230469,282.91495
2018-05-25,281.540283203125,281.71066
2018-05-28,284.9684143066406,280.96036
2018-05-29,276.0646667480469,280.85483
2018-05-30,271.3032531738281,280.43524
2018-05-31,272.1603698730469,279.45044
2018-06-01,275.4933166503906,278.24915
2018-06-04,273.0650329589844,277.2847
2018-06-05,270.5414733886719,276.3589
2018-06-06,270.3510437011719,275.33298
2018-06-07,277.0169372558594,274.31564
2018-06-08,274.4934387207031,273.94205
2018-06-11,272.731689453125,273.81192
2018-06-12,273.6839294433594,273.70767
2018-06-13,276.8741149902344,273.70593
2018-06-14,271.1604309082031,274.0325
2018-06-15,269.0179138183594,274.07193
2018-06-18,279.01678466796875,273.7443
2018-06-19,278.8262634277344,274.02982
2018-06-20,279.2071838378906,274.67426
2018-06-21,283.7304992675781,275.53162
2018-06-22,286.3016357421875,276.82715
2018-06-25,275.8741760253906,278.5074
2018-06-26,274.3505554199219,279.42734
2018-06-27,265.73248291015625,279.64526
2018-06-28,258.44757080078125,278.67014
2018-06-29,262.25665283203125,276.40402
2018-07-02,264.1612243652344,273.81247
2018-07-03,259.8760070800781,271.39447
2018-07-04,260.2092590332031,268.95285
2018-07-05,258.5904235839844,266.73813
2018-07-06,257.1619873046875,264.7285
2018-07-09,258.2571716308594,262.90686
2018-07-10,260.35211181640625,261.4513
2018-07-11,255.92410278320312,260.5279
2018-07-12,259.3045959472656,259.66547
2018-07-13,254.9717559814453,259.19052
2018-07-16,246.87744140625,258.6505
2018-07-17,253.7338256835937,257.45032
2018-07-18,250.16278076171875,256.48004
2018-07-19,248.734375,255.4504
2018-07-20,253.11485290527344,254.35608
2018-07-23,263.8887634277344,253.67073
2018-07-24,262.739501953125,254.19106
2018-07-25,263.0268249511719,255.36215
2018-07-26,273.561279296875,256.88025
2018-07-27,280.79180908203125,259.35287
2018-07-30,294.34295654296875,262.828
2018-07-31,291.3741760253906,267.77704
2018-08-01,286.6336669921875,273.01807
2018-08-02,285.9154052734375,277.6016
2018-08-03,292.0924072265625,281.29294
2018-08-06,301.7650146484375,284.5924
2018-08-07,299.8975524902344,288.15793
2018-08-08,305.2126159667969,291.4371
2018-08-09,318.90740966796875,294.6968
2018-08-10,314.69366455078125,298.81027
2018-08-13,311.1501770019531,302.76862
2018-08-14,318.3807678222656,305.9874
2018-08-16,320.1524658203125,309.05197
2018-08-17,325.6112365722656,311.89383
2018-08-20,324.1268615722656,314.8073
2018-08-21,324.5099182128906,317.38745
2018-08-23,322.9296875,319.5616
2018-08-24,317.5908203125,321.14813
2018-08-27,326.9699401855469,321.7635
2018-08-28,326.00799560546875,322.49557
2018-08-29,327.69140625,323.155
2018-08-30,331.2506408691406,323.8608
2018-08-31,329.5672302246094,324.83997
2018-09-03,321.43865966796875,325.76843
2018-09-04,316.00360107421875,325.89474
2018-09-05,317.10986328125,325.03317
2018-09-06,316.1479187011719,323.70312
2018-09-07,322.3525695800781,322.10648
2018-09-10,320.2362365722656,321.00964
2018-09-11,314.1278076171875,320.1563
2018-09-12,310.6166381835937,319.02594
2018-09-14,315.8593139648437,317.52255
2018-09-17,313.31011962890625,316.3526
2018-09-18,306.720703125,315.2838
2018-09-19,308.7408447265625,313.8233
2018-09-21,305.0372619628906,312.41092
2018-09-24,297.0049133300781,310.83963
2018-09-25,299.2655029296875,308.631
2018-09-26,301.1894226074219,306.39648
2018-09-27,294.9848022460937,304.5006
2018-09-28,293.9266662597656,302.47223
2018-10-01,302.05517578125,300.45102
2018-10-03,292.14703369140625,299.28964
2018-10-04,304.4600830078125,297.9561
2018-10-05,295.6100769042969,297.66098
2018-10-08,299.0250549316406,297.31808
2018-10-09,294.6000366210937,297.263
2018-10-10,307.6826477050781,297.02335
2018-10-11,299.8427124023437,297.7789
2018-10-12,307.249755859375,298.45364
2018-10-15,301.429931640625,299.64218
2018-10-16,308.45220947265625,300.5672
2018-10-17,302.8247375488281,301.8308
2018-10-19,303.4500732421875,302.7265
2018-10-22,314.6568603515625,303.36
2018-10-23,310.56854248046875,304.7069
2018-10-24,309.7508850097656,306.05322
2018-10-25,307.77886962890625,307.21756
2018-10-26,303.6424255371094,307.99353
2018-10-29,336.1085510253906,308.09976
2018-10-30,332.5493469238281,310.4982
2018-10-31,341.4955444335937,313.86798
2018-11-01,340.2449645996094,318.34665
2018-11-02,340.9664306640625,323.04126
2018-11-05,336.3490295410156,327.52274
2018-11-06,339.6678161621094,331.07037
2018-11-07,342.3612670898437,333.98138
2018-11-09,343.2751770019531,336.44888
2018-11-12,338.94635009765625,338.4915
2018-11-13,347.1711120605469,339.71176
2018-11-14,352.6542358398437,341.00333
2018-11-15,355.9249267578125,342.69385
2018-11-16,353.5680847167969,344.77747
2018-11-19,348.6140441894531,346.73102
2018-11-20,344.28521728515625,348.0035
2018-11-21,343.178955078125,348.35086
2018-11-22,338.6577453613281,347.97418
2018-11-26,342.7942199707031,346.7748
2018-11-27,341.1588439941406,345.51178
2018-11-28,345.3433532714844,344.17926
2018-11-29,348.4216613769531,343.2864
2018-11-30,341.63983154296875,343.0214
2018-12-03,341.9765319824219,342.6062
2018-12-04,344.3332824707031,342.16605
2018-12-05,338.0324401855469,341.94705
2018-12-06,334.4251708984375,341.34903
2018-12-07,338.80206298828125,340.25607
2018-12-10,333.174560546875,339.31558
2018-12-11,329.7596130371094,338.0734
2018-12-12,336.6376953125,336.46262
2018-12-13,336.2528686523437,335.3456
2018-12-14,338.5134582519531,334.61063
2018-12-17,344.8143005371094,334.3859
2018-12-18,348.4697570800781,335.04922
2018-12-19,352.5580749511719,336.53915
2018-12-20,348.37353515625,338.78278
2018-12-21,340.7259826660156,340.95493
2018-12-24,339.3310852050781,342.23334
2018-12-26,342.313232421875,342.70007
2018-12-27,342.12078857421875,342.85226
2018-12-28,347.0268249511719,342.76996
2018-12-31,346.4495849609375,342.9689
2019-01-01,349.9126892089844,343.283
2019-01-02,350.7303466796875,343.9454
2019-01-03,349.4316711425781,344.84286
2019-01-04,351.3075256347656,345.7012
2019-01-07,353.71246337890625,346.61896
2019-01-08,365.6887817382813,347.69705
2019-01-09,367.7089538574219,349.81277
2019-01-10,365.0635681152344,352.5804
2019-01-11,364.1496276855469,355.29944
2019-01-14,359.1474914550781,357.66736
2019-01-15,358.5703125,359.1607
2019-01-16,361.0233459472656,359.9069
2019-01-17,360.3499450683594,360.31445
2019-01-18,357.84881591796875,360.4085
2019-01-21,357.5602722167969,360.08026
2019-01-22,355.01104736328125,359.4886
2019-01-23,353.423828125,358.5603
2019-01-24,350.9227600097656,357.3639
2019-01-25,343.6118469238281,355.8866
2019-01-28,330.4810791015625,353.7318
2019-01-29,333.65557861328125,350.20853
2019-01-30,351.9808654785156,346.3973
2019-01-31,350.5860900878906,344.30276
2019-02-01,341.1588439941406,343.3765
2019-02-04,341.0626525878906,342.49203
2019-02-05,339.2349548339844,341.7099
2019-02-06,345.6319274902344,340.89862
2019-02-07,345.0066833496094,340.68567
2019-02-08,341.5917358398437,340.8197
2019-02-11,336.7338256835937,340.87714
2019-02-12,331.2025756835937,340.46588
2019-02-14,330.8659362792969,339.31564
2019-02-15,329.13433837890625,337.76242
2019-02-18,325.8636779785156,335.93756
2019-02-19,330.1925048828125,333.82315
2019-02-20,332.0683288574219,332.0811
2019-02-21,337.936279296875,330.89142
2019-02-22,338.6577453613281,330.66556
2019-02-25,342.0727233886719,331.1426
2019-02-26,334.9541931152344,332.32376
2019-02-27,332.405029296875,333.244
2019-02-28,336.8300170898437,333.69647
2019-03-01,340.7740783691406,334.1784
2019-03-05,349.4316711425781,334.96805
2019-03-06,357.80078125,336.62762
2019-03-07,356.6944885253906,339.41995
2019-03-08,356.5020751953125,342.60458
2019-03-11,361.5523681640625,345.7474
2019-03-12,373.4325866699219,349.0157
2019-03-13,376.9918518066406,353.09433
2019-03-14,373.1440124511719,357.6374
2019-03-15,380.2624816894531,361.74585
2019-03-18,382.9078674316406,365.82877
2019-03-19,383.2445983886719,369.75186
2019-03-20,377.9537963867188,373.25037
2019-03-22,376.8956298828125,375.6998
2019-03-25,368.911376953125,377.1644
2019-03-26,379.108154296875,377.1631
2019-03-27,378.2424011230469,377.11533
2019-03-28,385.3128051757813,376.95554
2019-04-01,383.1002807617188,377.36508
2019-04-02,382.0421142578125,377.9088
2019-04-03,377.1842346191406,378.4049
2019-04-04,373.9617004394531,378.40094
2019-04-05,375.6931457519531,377.79605
2019-04-08,372.3744201660156,377.00958
2019-04-09,382.0421142578125,375.88464
2019-04-10,379.204345703125,375.49222
2019-04-11,375.2121887207031,375.35275
2019-04-12,379.589111328125,375.05136
2019-04-15,377.80950927734375,375.0589
2019-04-16,391.5174255371094,375.1042
2019-04-18,389.016357421875,376.3712
2019-04-22,379.4929809570313,378.08365
2019-04-23,381.4168395996094,379.10785
2019-04-24,385.8418273925781,379.77264
2019-04-25,380.3586730957031,380.52493
2019-04-26,391.7098083496094,380.78326
2019-04-30,391.9984436035156,381.70352
2019-05-02,380.50299072265625,382.9825
2019-05-03,386.5152282714844,383.3781
2019-05-06,386.0342712402344,383.70844
2019-05-07,371.7972412109375,383.91208
2019-05-08,367.660888671875,382.7722
2019-05-09,366.8912963867188,380.52435
2019-05-10,370.4505004882813,377.69626
2019-05-13,361.9852600097656,375.05884
2019-05-14,365.9292907714844,372.0442
2019-05-15,362.7067260742188,369.41315
2019-05-16,367.9494018554688,366.97922
2019-05-17,374.8755187988281,365.34964
2019-05-20,392.1907653808594,364.97922
2019-05-21,384.9280090332031,366.95535
2019-05-22,389.9302062988281,369.6298
2019-05-23,395.2210083007813,372.9654
2019-05-24,415.325927734375,376.88095
2019-05-27,418.9332580566406,382.57755
2019-05-28,417.7789306640625,389.21854
2019-05-29,407.1973571777344,395.77917
2019-05-30,409.987060546875,400.76068
2019-05-31,407.5821838378906,404.52643
2019-06-03,406.81256103515625,406.94086
2019-06-04,403.1571350097656,408.20126
2019-06-06,395.8943176269531,408.28256
2019-06-07,400.7522277832031,406.96188
2019-06-10,400.271240234375,405.30026
2019-06-11,405.321533203125,403.51968
2019-06-12,402.0990295410156,402.2759
2019-06-13,403.6380920410156,401.20117
2019-06-14,401.8584899902344,400.47546
2019-06-17,398.4435119628906,399.8783
2019-06-18,406.0911254882813,399.1172
2019-06-19,403.8304748535156,398.99612
2019-06-20,416.91314697265625,399.08713
2019-06-21,414.4120178222656,400.47037
2019-06-24,413.1134033203125,402.32617
2019-06-25,417.1536560058594,404.21527
2019-06-26,421.9634094238281,406.31445
2019-06-27,424.1759338378906,408.77982
2019-06-28,420.472412109375,411.4517
2019-07-01,422.3001403808594,413.68604
2019-07-02,420.1357116699219,415.60587
2019-07-03,419.3661193847656,416.95175
2019-07-04,419.606689453125,417.74164
2019-07-05,419.7508850097656,418.12454
2019-07-08,409.6984558105469,418.22452
2019-07-09,412.1995239257813,417.23932
2019-07-10,414.5082702636719,415.88477
2019-07-11,410.3236999511719,414.61295
2019-07-12,410.80474853515625,413.13712
2019-07-15,406.2353820800781,411.71637
2019-07-16,408.4478759765625,410.05264
2019-07-17,408.5440979003906,408.58652
2019-07-18,402.7242431640625,407.38367
2019-07-19,394.69189453125,405.94522
2019-07-22,396.8133544921875,403.78348
2019-07-23,398.2149963378906,401.54724
2019-07-24,394.8800354003906,399.5821
2019-07-25,395.3634033203125,397.67596
2019-07-26,401.8883361816406,396.03024
2019-07-29,415.034912109375,395.27472
2019-07-30,411.1682739257813,396.31363
2019-07-31,410.4432373046875,398.06497
2019-08-01,403.1449890136719,400.06577
2019-08-02,396.9100646972656,401.39764
2019-08-05,389.22509765625,401.63046
2019-08-06,396.5716857910156,400.45627
2019-08-07,394.7833862304688,399.1363
2019-08-08,400.5833435058594,397.6729
2019-08-09,406.1416320800781,396.7706
2019-08-13,396.5716857910156,396.79767
2019-08-14,403.3866271972656,396.57553
2019-08-16,404.9816284179688,396.82758
2019-08-19,409.28326416015625,397.48758
2019-08-20,402.99993896484375,398.72922
2019-08-21,398.3116760253906,399.67288
2019-08-22,385.7934875488281,399.9324
2019-08-23,382.216796875,398.62274
2019-08-26,397.9249877929688,396.11768
2019-08-27,404.643310546875,394.44943
2019-08-28,399.1816711425781,394.04373
2019-08-29,390.916748046875,394.01297
2019-08-30,395.99169921875,393.51205
2019-09-03,379.0751953125,393.2049
2019-09-04,384.246826171875,391.54816
2019-09-05,376.03021240234375,389.6459
2019-09-06,378.3018798828125,387.02142
2019-09-09,382.26513671875,384.37967
2019-09-11,381.4434814453125,382.30704
2019-09-12,389.2734375,380.71466
2019-09-13,399.6166687011719,380.26392
2019-09-16,398.4083251953125,381.48773
2019-09-17,387.291748046875,383.5703
2019-09-18,386.03509521484375,385.04938
2019-09-19,373.7102355957031,385.90207
2019-09-20,403.5799865722656,385.1837
2019-09-23,431.4197692871094,386.14508
2019-09-24,426.1997985839844,390.5191
2019-09-25,419.7231750488281,396.24182
2019-09-26,436.8814086914063,401.77325
2019-09-27,434.2230529785156,408.20834
2019-09-30,419.2398681640625,414.37662
2019-10-01,410.4432373046875,418.4801
2019-10-03,413.0531921386719,420.10822
2019-10-04,400.0999755859375,420.22812
2019-10-07,402.2266540527344,418.2033
2019-10-09,422.1398620605469,415.19922
2019-10-10,409.57330322265625,413.604
2019-10-11,414.2615661621094,411.92233
2019-10-14,414.5515441894531,410.78787
2019-10-15,417.4515075683594,410.12256
2019-10-16,420.7864990234375,410.07587
2019-10-17,425.9097900390625,410.72205
2019-10-18,423.203125,412.20673
2019-10-22,436.1080932617188,413.85016
2019-10-23,439.9263305664063,416.60297
2019-10-24,439.5880126953125,420.14386
2019-10-25,453.4595642089844,423.8439
2019-10-27,453.89453125,428.5591
2019-10-29,461.4828186035156,433.51974
2019-10-30,455.4412231445313,438.87918
2019-10-31,447.61126708984375,443.4491
2019-11-01,446.8379211425781,446.39587
2019-11-04,454.8128967285156,447.96622
2019-11-05,452.7345581054688,449.22504
2019-11-06,464.6728515625,449.96677
2019-11-07,462.5945129394531,451.403
2019-11-08,473.131103515625,452.9476
2019-11-11,480.2359924316406,455.39084
2019-11-13,469.554443359375,458.81622
2019-11-14,482.0242919921875,461.57697
2019-11-15,483.184326171875,464.8177
2019-11-18,481.7343444824219,468.14148
2019-11-19,477.0460510253906,471.08252
2019-11-20,478.49603271484375,473.07996
2019-11-21,481.63763427734375,474.42773
2019-11-22,480.2359924316406,475.5159
2019-11-25,481.2026062011719,476.20413
2019-11-26,493.6725769042969,476.66898
2019-11-27,488.64593505859375,478.0929
2019-11-28,501.8408203125,479.51645
2019-11-29,495.5091857910156,482.04416
2019-12-02,493.8658752441406,484.4348
2019-12-03,492.3675842285156,486.38632
2019-12-04,511.6040649414063,487.73584
2019-12-05,510.4924011230469,490.3513
2019-12-06,507.3023986816406,493.3923
2019-12-09,508.9458312988281,496.147
2019-12-10,511.0723571777344,498.62408
2019-12-11,515.7606811523438,500.88318
2019-12-12,517.5006103515625,503.22305
2019-12-13,519.1439819335938,505.54996
2019-12-16,521.2706909179688,507.80542
2019-12-17,523.1073608398438,510.00165
2019-12-18,523.3489990234375,512.1229
2019-12-19,522.18896484375,514.0178
2019-12-20,527.8922729492188,515.4827
2019-12-23,523.2523193359375,517.0718
2019-12-24,523.0590209960938,518.1423
2019-12-26,520.7872314453125,518.77875
2019-12-27,531.082275390625,518.8632
2019-12-30,525.81396484375,519.55585
2019-12-31,520.932373046875,520.05304
2020-01-01,518.85400390625,519.9447
2020-01-02,522.5756225585938,519.27563
2020-01-03,520.884033203125,518.6604
2020-01-06,508.17236328125,517.9686
2020-01-07,505.4658508300781,516.11456
2020-01-08,508.41412353515625,513.47345
2020-01-09,528.0855712890625,510.85077
2020-01-10,522.2373657226562,510.30875
2020-01-13,520.6422729492188,510.56354
2020-01-14,519.6757202148438,511.1912
2020-01-15,517.7423095703125,511.9129
2020-01-16,519.2406616210938,512.4467
2020-01-17,514.3107299804688,512.9526
2020-01-20,517.017333984375,512.928
2020-01-21,513.3440551757812,512.8328
2020-01-22,505.41741943359375,512.3504
2020-01-23,510.1057434082031,510.93924
2020-01-24,516.0507202148438,509.52188
2020-01-27,519.33740234375,508.7702
2020-01-28,510.5891723632813,508.8115
2020-01-29,509.04248046875,508.54156
2020-01-30,514.4557495117188,507.9791
2020-01-31,508.1241455078125,507.78192
2020-02-03,498.3608093261719,507.23105
2020-02-04,513.1023559570312,505.6165
2020-02-05,521.1256103515625,504.8611
2020-02-06,523.5421752929688,505.4292
2020-02-07,518.5640258789062,507.0107
2020-02-10,516.1473388671875,508.63452
2020-02-11,521.7539672851562,509.9226
2020-02-12,530.985595703125,511.39713
2020-02-13,522.9622802734375,513.6963
2020-02-14,527.602294921875,515.5392
2020-02-17,523.5421752929688,517.3782
2020-02-18,523.1556396484375,518.6444
2020-02-19,526.6356201171875,519.39984
2020-02-20,528.76220703125,520.0801
2020-02-24,512.1840209960938,520.8371
2020-02-25,513.2473754882812,520.01685
2020-02-26,506.2391052246094,518.4089
2020-02-27,498.16748046875,515.7776
2020-02-28,480.6710205078125,512.0039
2020-03-02,489.2259216308594,506.24652
2020-03-03,497.5875244140625,500.59457
2020-03-04,491.4009399414063,496.27817
2020-03-05,487.6792907714844,492.63605
2020-03-06,470.1344299316406,489.44785
2020-03-09,442.4879760742188,485.23993
2020-03-11,450.1245727539063,478.2746
2020-03-12,411.4582214355469,470.94214
2020-03-13,432.2897644042969,460.51077
2020-03-16,389.46673583984375,451.03745
2020-03-17,355.0054016113281,439.148
2020-03-18,343.212158203125,423.85114
2020-03-19,327.26226806640625,406.79974
2020-03-20,334.1739196777344,388.80072
2020-03-23,274.53106689453125,372.4485
2020-03-24,286.6142578125,353.50684
2020-03-25,306.3341369628906,335.711
2020-03-26,319.239013671875,321.84854
2020-03-27,328.5189514160156,312.80438
2020-03-30,302.9508056640625,308.43912
2020-03-31,312.9556884765625,305.32916
2020-04-01,300.7758483886719,304.13144
2020-04-03,277.0927124023437,303.22137
2020-04-07,315.2273864746094,300.58148
2020-04-08,308.3157958984375,300.22836
2020-04-09,331.27392578125,300.79044
2020-04-13,319.6256408691406,303.83795
2020-04-15,316.43572998046875,307.24826
2020-04-16,330.59722900390625,310.32867
2020-04-17,363.0285949707031,314.10678
2020-04-20,349.2537536621094,320.74463
2020-04-21,320.78564453125,327.47955
2020-04-22,324.7489624023437,331.26065
2020-04-23,341.1821594238281,333.12527
2020-04-24,323.6856384277344,334.9609
2020-04-27,336.3005065917969,335.10873
2020-04-28,347.8520812988281,335.24573
2020-04-29,358.0987243652344,336.3372
2020-04-30,367.4752502441406,338.82587
2020-05-04,326.7789306640625,342.8039
2020-05-05,319.81903076171875,343.88904
2020-05-06,330.0172119140625,342.43054
2020-05-07,325.5222473144531,340.30933
2020-05-08,326.4406433105469,337.55038
2020-05-11,309.47576904296875,334.71432
2020-05-12,310.49078369140625,330.63968
2020-05-13,326.7789306640625,326.22635
2020-05-14,316.48406982421875,323.3578
2020-05-15,311.9407653808594,320.8631
2020-05-18,288.547607421875,318.4579
2020-05-19,290.2875671386719,314.34503
2020-05-20,295.4591979980469,309.64227
2020-05-21,294.2509155273437,305.39417
2020-05-22,281.3459777832031,301.7124
2020-05-26,282.94097900390625,297.64752
2020-05-27,308.2190856933594,293.82767
2020-05-28,315.9523620605469,292.60004
2020-05-29,320.8823547363281,293.80557
2020-06-01,327.9389343261719,296.90863
2020-06-02,336.7838439941406,301.5667
2020-06-03,344.9521484375,307.5692
2020-06-04,336.252197265625,314.60757
2020-06-05,345.2904663085937,320.95856
2020-06-08,347.8037414550781,327.07413
2020-06-09,336.9288330078125,332.70288
2020-06-10,341.23052978515625,336.58887
2020-06-11,329.87225341796875,339.37796
2020-06-12,332.72393798828125,340.23178
2020-06-15,320.0606689453125,340.01462
2020-06-16,331.5155944824219,338.04056
2020-06-17,330.5489196777344,336.09885
2020-06-18,340.26385498046875,334.26062
2020-06-19,351.67041015625,333.4895
2020-06-22,355.2953491210937,334.44806
2020-06-23,363.608642578125,336.7503
2020-06-24,336.493896484375,340.43326
2020-06-25,339.29718017578125,342.34705
2020-06-26,337.4605407714844,343.19827
2020-06-29,331.6605834960937,343.11014
2020-06-30,339.732177734375,341.92685
2020-07-01,351.9120178222656,340.84045
2020-07-02,350.7520751953125,340.95584
2020-07-03,348.9637451171875,341.74277
2020-07-06,349.785400390625,342.75238
2020-07-07,363.511962890625,343.88858
2020-07-08,356.6487121582031,346.18295
2020-07-09,358.0020751953125,348.42365
2020-07-10,348.3354187011719,350.55722
2020-07-13,341.8104553222656,351.59335
2020-07-14,334.0289001464844,351.27167
2020-07-15,334.2705383300781,349.43365
2020-07-16,333.1589050292969,346.80725
2020-07-17,342.0037841796875,343.81244
2020-07-20,350.8970947265625,341.6103
2020-07-21,366.1702880859375,340.87686
2020-07-22,368.3935852050781,342.47107
2020-07-23,379.1718444824219,345.62045
2020-07-24,369.07025146484375,350.4321
2020-07-27,346.547119140625,355.01007
2020-07-28,340.3605041503906,357.0826
2020-07-29,339.345458984375,356.82144
2020-07-30,333.44891357421875,354.9812
2020-07-31,335.2371826171875,351.78082
2020-08-03,331.8055725097656,348.1563
2020-08-04,339.29718017578125,344.29346
2020-08-05,340.4571838378906,341.27225
2020-08-06,346.788818359375,339.16034
2020-08-07,346.01544189453125,338.36847
2020-08-10,351.4287414550781,338.43005
2020-08-11,355.1020812988281,339.50095
2020-08-12,354.6187438964844,341.4373
2020-08-13,355.7787170410156,343.71634
2020-08-14,349.35040283203125,346.11288
2020-08-17,348.1904296875,347.8154
2020-08-18,357.2287292480469,348.82025
2020-08-19,361.96533203125,350.06058
2020-08-20,355.4887084960937,351.74698
2020-08-21,358.7753295898437,353.01773
2020-08-24,367.6686401367188,354.1997
2020-08-25,373.4685668945313,355.98273
2020-08-26,376.3685302734375,358.4932
2020-08-27,379.12353515625,361.5031
2020-08-28,396.0400695800781,364.80783
2020-08-31,381.4434814453125,369.47946
2020-09-01,377.9152526855469,373.3301
2020-09-02,379.3168029785156,376.01456
2020-09-03,369.9886169433594,377.8206
2020-09-04,360.128662109375,378.0761
2020-09-07,360.9503479003906,376.45975
2020-09-08,363.1736755371094,373.86365
2020-09-09,355.3436889648437,371.06158
2020-09-10,358.34039306640625,367.70273
2020-09-11,358.1470031738281,364.56003
2020-09-14,351.57373046875,361.8181
2020-09-15,359.1619873046875,359.01443
2020-09-16,362.2070007324219,357.082
2020-09-17,356.697021484375,356.13702
2020-09-18,357.2287292480469,355.4386
2020-09-21,339.0072021484375,355.0122
2020-09-22,342.58380126953125,353.2236
2020-09-23,340.11883544921875,351.03555
2020-09-24,324.5072937011719,348.5619
2020-09-25,337.0255126953125,344.79135
2020-09-28,350.8970947265625,341.60507
2020-09-29,345.1454467773437,340.2538
2020-09-30,342.9221496582031,339.7175
2020-10-01,356.8904113769531,339.57755
2020-10-05,360.6603698730469,340.89972
2020-10-06,367.9102783203125,343.3623
2020-10-07,369.8919372558594,346.97018
2020-10-08,374.5802612304688,351.16635
2020-10-09,388.1134033203125,355.77472
2020-10-12,390.5784301757813,361.4091
2020-10-13,383.0384826660156,367.41214
2020-10-14,393.2367248535156,372.46277
2020-10-15,377.9635314941406,377.3423
2020-10-16,382.89349365234375,380.31992
2020-10-19,403.1933288574219,382.25153
2020-10-20,400.7766418457031,385.10355
2020-10-21,406.28662109375,388.06625
2020-10-22,399.1333618164063,391.33676
2020-10-23,403.04833984375,393.87558
2020-10-26,390.9651184082031,396.0668
2020-10-27,396.2817077636719,396.75787
2020-10-28,382.8451232910156,396.90247
2020-10-29,386.5668029785156,395.4846
2020-10-30,379.5101623535156,393.53702
2020-11-02,403.53167724609375,390.79623
2020-11-03,429.0513916015625,389.9148
2020-11-04,422.4781494140625,392.5333
2020-11-05,423.8798522949219,396.5895
2020-11-06,428.0364379882813,401.3585
2020-11-09,447.27294921875,406.51868
2020-11-10,467.7177734375,413.16852
2020-11-11,470.3277282714844,421.98834
2020-11-12,460.8061828613281,431.63544
2020-11-13,469.361083984375,440.0887
2020-11-14,470.6660461425781,447.7888
2020-11-17,470.1827392578125,454.39227
2020-11-18,481.05767822265625,459.63855
2020-11-19,462.7878112792969,464.52527
2020-11-20,464.1894836425781,467.04053
2020-11-23,452.6378784179688,467.97266
2020-11-24,462.2561645507813,466.73532
2020-11-25,456.9395446777344,465.1227
2020-11-26,459.4528198242188,462.91113
2020-11-27,457.56787109375,460.7689
2020-12-01,468.9261169433594,458.69424
2020-12-02,464.4311218261719,457.89383
2020-12-03,465.7844848632813,457.55643
2020-12-04,485.3109436035156,457.68777
2020-12-07,493.4308776855469,459.8823
2020-12-08,491.4492492675781,463.9102
2020-12-09,494.4458618164063,468.56735
2020-12-10,490.0475769042969,473.48813
2020-12-11,498.2641906738281,477.71222
2020-12-14,508.2691345214844,481.86374
2020-12-15,500.7774658203125,486.48868
2020-12-16,495.3642272949219,490.28333
2020-12-17,493.382568359375,492.71848
2020-12-18,499.9075317382813,493.88077
2020-12-21,478.0127258300781,494.72342
2020-12-22,483.6193237304688,493.24286
2020-12-23,486.8092651367188,490.98892
2020-12-24,496.4275207519531,488.71878
2020-12-28,502.7591247558594,487.5335
2020-12-29,511.1690673828125,487.72375
2020-12-30,511.1207580566406,489.55283
2020-12-31,517.2106323242188,492.24893
2021-01-01,509.9125061035156,495.82184
2021-01-04,513.9723510742188,498.93216
2021-01-05,519.33740234375,501.85062
2021-01-06,528.4722900390625,504.8564
2021-01-07,523.0590209960938,508.47864
2021-01-08,523.977294921875,511.63754
2021-01-11,526.5390014648438,514.3122
2021-01-12,529.7289428710938,516.6611
2021-01-13,537.945556640625,518.87335
2021-01-14,534.8521728515625,521.5557
2021-01-15,524.8956298828125,523.98035
2021-01-18,515.3740844726562,525.09204
2021-01-19,528.2305908203125,524.389
2021-01-20,532.62890625,523.8119
2021-01-21,534.272216796875,523.7391
2021-01-22,516.0023193359375,524.15
2021-01-25,520.1106567382812,523.12274
2021-01-27,504.9341430664063,521.7085
2021-01-28,510.6373901367188,518.73517
2021-01-29,519.095703125,515.61816
2021-02-01,583.66845703125,513.46686
2021-02-02,596.7666625976562,518.157
2021-02-03,601.5999145507812,527.90765
2021-02-04,607.3515625,540.49927
2021-02-05,593.6734619140625,554.2978
2021-02-08,608.6082153320312,566.23627
2021-02-09,612.2332153320312,577.313
2021-02-10,611.0732421875,587.0613
2021-02-11,609.623291015625,594.9027
2021-02-12,626.0081176757812,600.63446
2021-02-15,651.4796142578125,606.0634
2021-02-16,636.399658203125,613.20465
2021-02-17,635.4329833984375,619.1983
2021-02-18,623.156494140625,623.86115
2021-02-19,603.2432861328125,626.0022
2021-02-22,589.5167236328125,624.40735
2021-02-23,595.7517700195312,619.3068
2021-02-24,619.7247924804688,613.1113
2021-02-25,607.0615844726562,609.11017
2021-02-26,577.8201904296875,605.5809
2021-03-01,588.0667114257812,599.93604
2021-03-02,590.1450805664062,594.58746
2021-03-03,611.02490234375,590.0798
2021-03-04,600.0532836914062,588.554
2021-03-05,589.130126953125,587.9594
2021-03-08,587.7767944335938,587.029
2021-03-09,604.25830078125,585.8818
2021-03-10,604.7416381835938,586.2934
2021-03-12,592.4166870117188,587.6561
2021-03-15,583.3784790039062,588.3275
2021-03-16,575.1135864257812,587.67444
2021-03-17,569.84521484375,585.46857
2021-03-18,559.3086547851562,582.0007
2021-03-19,567.0902709960938,577.065
2021-03-22,554.3303833007812,572.4474
2021-03-23,566.8486328125,567.22626
2021-03-24,548.5787963867188,563.36414
2021-03-25,552.4937744140625,558.9533
2021-03-26,559.2603149414062,555.05316
2021-03-30,571.7302856445312,552.4667
2021-03-31,562.6919555664062,552.1287
2021-04-01,574.5819091796875,552.3732
2021-04-05,552.2037353515625,554.13684
2021-04-06,547.0321655273438,554.5347
2021-04-07,558.390380859375,553.60297
2021-04-08,557.4719848632812,552.98413
2021-04-09,547.3220825195312,552.4937
2021-04-12,520.5939331054688,551.1812
2021-04-13,541.9088745117188,546.97064
2021-04-15,556.0220336914062,543.396
2021-04-16,548.047119140625,541.8113
2021-04-19,541.087158203125,540.87006
2021-04-20,540.458740234375,539.812
2021-04-22,559.888671875,538.73456
2021-04-23,550.9470825195312,539.57117
2021-04-26,571.3919067382812,540.64966
2021-04-27,578.786865234375,543.7553
2021-04-28,600.63330078125,548.50684
2021-04-29,600.72998046875,555.9412
2021-04-30,580.478515625,564.35034
2021-05-03,576.853515625,570.6562
2021-05-04,571.826904296875,574.7212
2021-05-05,582.7018432617188,576.46533
2021-05-06,587.9218139648438,577.6063
2021-05-07,586.8584594726562,578.7118
2021-05-10,592.803466796875,579.57916
2021-05-11,589.5167236328125,580.7944
2021-05-12,574.920166015625,581.7784
2021-05-14,577.3851928710938,581.1276
2021-05-17,602.8082275390625,579.775
2021-05-18,612.0883178710938,580.5217
2021-05-19,604.5966796875,583.3478
2021-05-20,597.9750366210938,586.5046
2021-05-21,621.0298461914062,588.96844
2021-05-24,625.7664794921875,592.9989
2021-05-25,628.6181030273438,598.0169
2021-05-26,630.7447509765625,603.46484
2021-05-27,630.5030517578125,608.8697
2021-05-28,621.6098022460938,613.69714
2021-05-31,640.6530151367188,616.81964
2021-06-01,628.4247436523438,620.44653
2021-06-02,626.7330322265625,622.7646
2021-06-03,628.5697631835938,623.91895
2021-06-04,621.271484375,624.3976
2021-06-07,626.5880737304688,623.67267
2021-06-08,620.9815673828125,622.80096
2021-06-09,614.8914794921875,621.345
2021-06-10,619.0481567382812,619.0889
2021-06-11,614.5048828125,616.9682
2021-06-14,613.9732666015625,614.6747
2021-06-15,623.7847900390625,612.4634
2021-06-16,618.7581787109375,611.4754
2021-06-17,611.8948974609375,610.83887
2021-06-18,609.3817138671875,609.851
2021-06-21,610.2033081054688,608.516
2021-06-22,609.8165893554688,607.1733
2021-06-23,603.8716430664062,605.91406
2021-06-24,612.909912109375,604.25854
2021-06-25,627.3614501953125,603.41364
2021-06-28,628.6181030273438,604.5386
2021-06-29,618.7581787109375,606.8967
2021-06-30,609.864990234375,608.86993
2021-07-01,609.8165893554688,609.5814
2021-07-02,618.9031982421875,609.4373
2021-07-05,626.249755859375,609.6344
2021-07-06,628.6181030273438,610.71124
2021-07-07,632.1947631835938,612.4613
2021-07-08,620.4982299804688,614.82404
2021-07-09,617.2598876953125,616.1974
2021-07-12,624.703125,616.5352
2021-07-13,642.7796020507812,616.9052
2021-07-14,642.1996459960938,618.99164
2021-07-15,645.1962890625,621.8541
2021-07-16,638.28466796875,625.25055
2021-07-19,634.0313720703125,627.9701
2021-07-20,620.4982299804688,629.60114
2021-07-22,634.0797119140625,629.0551
2021-07-23,654.0895385742188,628.55164
2021-07-26,654.1861572265625,630.02045
2021-07-27,654.8629150390625,632.549
2021-07-28,662.20947265625,635.5994
2021-07-29,666.523681640625,639.41364
2021-07-30,661.67626953125,643.7404
2021-08-02,660.6098022460938,647.4782
2021-08-03,669.3352661132812,650.3905
2021-08-04,692.8453979492188,653.3546
2021-08-05,681.017578125,658.36
2021-08-06,676.3640747070312,662.9094
2021-08-09,681.4052734375,666.3319
2021-08-10,679.5148315429688,669.21436
2021-08-11,672.3890991210938,671.2468
2021-08-12,679.9510498046875,671.8337
2021-08-13,683.2958984375,672.227
2021-08-16,681.21142578125,672.75055
2021-08-17,679.8057250976562,673.088
2021-08-18,667.2992553710938,673.14764
2021-08-20,659.9312133789062,671.77966
2021-08-23,661.8701782226562,668.95734
2021-08-24,673.2616577148438,665.70166
2021-08-25,669.9653930664062,663.60675
2021-08-26,677.4789428710938,662.0814
2021-08-27,678.3999633789062,661.84766
2021-08-30,691.8759155273438,662.523
2021-08-31,697.111083984375,665.06226
2021-09-01,697.9351806640625,669.01245
2021-09-02,703.0250854492188,673.55225
2021-09-03,702.200927734375,678.53955
2021-09-06,699.1470336914062,683.2189
2021-09-07,695.0267333984375,686.9416
2021-09-08,698.953125,689.2853
2021-09-09,698.2744750976562,690.92957
2021-09-13,685.8165893554688,691.8738
2021-09-14,685.8650512695312,691.03033
2021-09-15,692.554443359375,689.1978
2021-09-16,705.0123901367188,687.5766
2021-09-17,698.1775512695312,687.4674
2021-09-20,688.3372802734375,687.5926
2021-09-21,690.1306762695312,686.91144
2021-09-22,681.8900756835938,686.00616
2021-09-23,695.1237182617188,684.198
2021-09-24,700.89208984375,683.3588
2021-09-27,707.7269897460938,683.7296
2021-09-28,695.26904296875,685.5095
2021-09-29,687.8524169921875,686.739
2021-09-30,679.4663696289062,686.8193
2021-10-01,671.2257080078125,685.3418
2021-10-04,678.8363037109375,682.22266
2021-10-05,675.8307495117188,679.1603
2021-10-06,668.4627075195312,676.0932
2021-10-07,680.7752075195312,672.61426
2021-10-08,681.9386596679688,670.4816
2021-10-11,691.5364990234375,669.47217
2021-10-12,686.9799194335938,670.2442
2021-10-13,688.288818359375,671.5844
2021-10-14,705.109375,673.31793
2021-10-18,722.7056274414062,676.80865
2021-10-19,724.6446533203125,682.7712
2021-10-20,723.0934448242188,689.86145
2021-10-21,732.448974609375,696.82904
2021-10-22,736.1329956054688,703.9886
2021-10-25,816.0189208984375,710.8853
2021-10-26,804.09423828125,725.08075
2021-10-27,809.5233764648438,740.93463
2021-10-28,774.3309326171875,756.9728
2021-10-29,777.5787353515625,767.81476
2021-11-01,779.3722534179688,774.7635
2021-11-02,776.51220703125,778.63934
2021-11-03,761.969970703125,779.83813
2021-11-04,758.2373657226562,777.70984
2021-11-08,756.346923828125,773.37823
2021-11-09,762.5516357421875,767.89484
2021-11-10,757.0740356445312,762.87634
2021-11-11,747.912353515625,758.0502
2021-11-12,752.9052124023438,752.92413
2021-11-15,749.7058715820312,748.6854
2021-11-16,740.7380981445312,745.06866
2021-11-17,738.072021484375,741.3139
2021-11-18,739.6232299804688,737.6292
2021-11-22,729.0557861328125,734.5303
2021-11-23,728.9103393554688,731.0308
2021-11-24,737.005615234375,727.6827
2021-11-25,728.1347045898438,725.5942
2021-11-26,700.1650390625,723.5786
2021-11-29,696.48095703125,719.0324
2021-11-30,692.554443359375,713.11273
2021-12-01,705.4971923828125,706.51373
2021-12-02,700.3589477539062,701.46466
2021-12-03,694.4450073242188,697.3233
2021-12-06,687.9009399414062,693.6224
2021-12-07,712.235107421875,689.94525
2021-12-08,730.4130249023438,689.12213
2021-12-09,731.9641723632812,691.90985
2021-12-10,734.8726196289062,696.827
2021-12-13,730.9947509765625,702.93396
2021-12-14,735.5028686523438,708.79456
2021-12-15,729.298095703125,714.3931
2021-12-16,718.5368041992188,718.60406
2021-12-17,706.078857421875,720.44257
2021-12-20,688.288818359375,719.3638
2021-12-21,698.371337890625,714.7793
2021-12-22,710.4415283203125,709.5224
2021-12-23,708.9873046875,705.50616
2021-12-24,704.9154663085938,702.47375
2021-12-27,713.5439453125,699.97705
2021-12-28,713.3500366210938,698.9586
2021-12-29,713.2530517578125,698.911
2021-12-30,713.2530517578125,699.4799
2021-12-31,717.5673217773438,700.38306
2022-01-03,741.3682861328125,701.8428
2022-01-04,749.2695922851562,705.90155
2022-01-05,764.005859375,711.90924
2022-01-06,761.0973510742188,720.05786
2022-01-07,769.0471801757812,728.40784
2022-01-10,786.0132446289062,736.89966
2022-01-11,785.9163208007812,746.3359
2022-01-12,798.6165771484375,755.3309
2022-01-13,799.5376586914062,764.47125
2022-01-14,794.9810180664062,772.8048
2022-01-17,794.3023071289062,779.30457
2022-01-18,797.9863891601562,783.92615
2022-01-19,783.9288330078125,787.2571
2022-01-20,785.5285034179688,787.92346
2022-01-21,779.9539184570312,787.0771
2022-01-24,774.0885620117188,784.743
2022-01-25,777.19091796875,781.11743
2022-01-27,770.4044799804688,777.3888
2022-01-28,757.31640625,773.23926
2022-01-31,764.7330322265625,767.92834
2022-02-01,785.5769653320312,763.258
2022-02-02,788.9216918945312,761.5634
2022-02-03,784.2681884765625,762.1666
2022-02-04,780.4871826171875,763.7019
2022-02-07,762.4061889648438,765.3271
2022-02-08,768.320068359375,764.9961
2022-02-09,778.3057861328125,764.17346
2022-02-10,780.9234008789062,764.10785
2022-02-11,766.6719360351562,764.754
2022-02-14,730.7039184570312,764.3184
2022-02-15,752.3720092773438,759.6183
2022-02-16,740.7380981445312,755.12445
2022-02-17,727.4560546875,749.8557
2022-02-18,726.0503540039062,743.34845
2022-02-21,731.4310302734375,736.64044
2022-02-22,728.3771362304688,731.02484
2022-02-23,721.881591796875,726.32367
2022-02-24,685.8165893554688,722.03815
2022-02-25,707.7754516601562,714.8199
2022-02-28,720.0394897460938,708.87054
2022-03-02,693.0391845703125,705.409
2022-03-03,676.9942016601562,701.10254
2022-03-04,667.0569458007812,695.2305
2022-03-07,633.803466796875,688.01215
2022-03-08,644.7101440429688,677.3637
2022-03-09,647.08544921875,666.83124
2022-03-10,655.9562377929688,657.56323
2022-03-11,657.2166748046875,650.8826
2022-03-14,674.9098510742188,646.59845
2022-03-15,676.0731201171875,646.0172
2022-03-16,686.3982543945312,647.90466
2022-03-17,698.1290283203125,652.22455
2022-03-21,689.0643310546875,658.8073
2022-03-22,696.2869873046875,665.24945
2022-03-23,696.384033203125,671.741
2022-03-24,682.7141723632812,677.5929
2022-03-25,677.9152221679688,681.0857
2022-03-28,688.676513671875,682.30444
2022-03-29,693.4755249023438,683.03613
2022-03-30,708.599609375,683.8032
2022-03-31,708.017822265625,686.0187
2022-04-01,713.7863159179688,688.81226
2022-04-04,723.8204956054688,692.29175
2022-04-05,719.1669921875,696.84424
2022-04-06,718.9730834960938,701.10614
2022-04-07,725.7109985351562,704.7618
2022-04-08,731.28564453125,708.3387
2022-04-11,736.423828125,712.0321
2022-04-12,740.5442504882812,715.9267
2022-04-13,738.9929809570312,719.9577
2022-04-18,734.6787109375,723.496
2022-04-19,742.9193725585938,725.9344
2022-04-20,732.4974365234375,728.2876
2022-04-21,739.0899658203125,729.2327
2022-04-22,724.8385009765625,729.9202
2022-04-25,729.2496948242188,728.87195
2022-04-26,730.7523803710938,727.3545
2022-04-27,714.22265625,725.8067
2022-04-28,724.353759765625,722.70337
2022-04-29,720.6212158203125,720.0445
2022-05-02,718.391357421875,717.4865
2022-05-04,702.1524047851562,715.05035
2022-05-05,706.5635986328125,711.3006
2022-05-06,697.3049926757812,707.62164
2022-05-09,688.676513671875,703.3827
2022-05-10,689.5975341796875,698.3917
2022-05-11,692.4090576171875,693.5527
2022-05-12,674.5704345703125,689.5641
2022-05-13,656.683349609375,684.71387
2022-05-16,662.1610107421875,678.10333
2022-05-17,688.3372802734375,671.6498
2022-05-18,685.7680053710938,668.4971
2022-05-19,669.2383422851562,667.3897
2022-05-20,687.9009399414062,666.0946
2022-05-23,689.3551635742188,666.7514
2022-05-24,686.5436401367188,668.63806
2022-05-25,691.5849609375,670.8535
2022-05-26,706.2727661132812,673.58496
2022-05-27,717.2279663085938,677.82574
2022-05-30,725.66259765625,683.6538
2022-05-31,729.8797607421875,690.7394
2022-06-01,729.6859130859375,698.3308
2022-06-02,726.8744506835938,705.4615
2022-06-03,721.5906372070312,711.3038
2022-06-06,723.9660034179688,715.2099
2022-06-07,712.8168334960938,717.7479
2022-06-08,707.2422485351562,717.99866
2022-06-09,710.39306640625,716.25287
2022-06-10,698.0321044921875,713.7432
2022-06-13,667.0084838867188,709.71466
2022-06-14,664.584716796875,702.0488
2022-06-15,666.2813110351562,692.7412
2022-06-16,657.79833984375,683.4626
2022-06-17,665.8935546875,674.25507
2022-06-20,665.02099609375,666.8495
2022-06-21,674.861328125,661.1889
2022-06-22,665.651123046875,658.18536
2022-06-23,677.818359375,656.21704
2022-06-24,691.6819458007812,656.364
2022-06-27,695.4629516601562,659.1711
2022-06-28,688.6280517578125,663.73694
2022-06-29,681.3084106445312,668.3033
2022-06-30,685.6226806640625,671.73126
2022-07-01,682.42333984375,674.5569
2022-07-04,698.1290283203125,676.3732
2022-07-05,697.4989013671875,678.96045
2022-07-06,703.8005981445312,681.65015
2022-07-07,719.3609008789062,684.79333
2022-07-08,732.6428833007812,689.45624
2022-07-11,746.021728515625,695.9031
2022-07-12,736.7147216796875,704.1601
2022-07-13,730.2191162109375,711.7556
2022-07-14,729.443603515625,717.5632
2022-07-15,728.2801513671875,721.5855
2022-07-18,748.4456176757812,723.9328
2022-07-19,756.8316650390625,727.03314
2022-07-20,759.2068481445312,731.05023
2022-07-21,762.0183715820312,735.4667
2022-07-22,775.6396484375,739.9811
2022-07-25,776.4637451171875,745.4916
2022-07-26,772.0040893554688,751.0917
2022-07-27,776.0759887695312,755.7272
2022-07-28,789.7457275390625,759.7246
2022-07-29,793.6236572265625,764.29626
2022-08-01,798.2772827148438,769.09656
2022-08-02,792.7996215820312,774.0323
2022-08-03,799.634521484375,777.96216
2022-08-04,795.2234497070312,781.60205
2022-08-05,812.625732421875,784.179
2022-08-08,816.2831420898438,787.6679
2022-08-10,827.7918090820312,791.6565
2022-08-11,838.4713745117188,796.76135
2022-08-12,852.8084106445312,803.11926
2022-08-16,857.53857421875,811.0887
2022-08-17,861.4398803710938,819.69635
2022-08-18,863.2440795898438,828.2304
2022-08-19,848.9071655273438,836.0133
2022-08-22,831.205322265625,840.9765
2022-08-23,842.567626953125,841.84283
2022-08-24,851.7355346679688,841.3336
2022-08-25,850.8088989257812,840.8773
2022-08-26,849.3460083007812,840.3486
2022-08-29,834.7164306640625,839.69403
2022-08-30,865.3898315429688,837.4847
2022-09-01,852.7595825195312,837.8762
2022-09-02,850.8578491210938,838.3095
2022-09-05,860.6596069335938,838.6407
2022-09-06,861.8299560546875,839.9256
2022-09-07,854.5639038085938,841.7411
2022-09-08,876.6058349609375,842.93854
2022-09-09,878.995361328125,846.0307
2022-09-12,884.7984619140625,850.111
2022-09-13,887.529296875,855.033
2022-09-14,895.4292602539062,860.2484
2022-09-15,894.9415893554688,865.9527
2022-09-16,886.6514892578125,871.27466
2022-09-19,876.9959716796875,874.9216
2022-09-20,894.112548828125,876.14575
2022-09-21,892.649658203125,877.61115
2022-09-22,881.09228515625,878.7796
2022-09-23,860.4644775390625,878.4184
2022-09-26,839.7880249023438,874.99164
2022-09-27,831.4979248046875,867.9021
2022-09-28,828.5232543945312,858.47626
2022-09-29,823.0614624023438,848.2689
2022-09-30,840.714599609375,838.0533
2022-10-03,827.4015502929688,830.7908
2022-10-04,846.22509765625,824.6157
2022-10-06,863.5855102539062,821.8675
2022-10-07,860.7571411132812,823.2843
2022-10-10,859.9768676757812,826.8194
2022-10-11,849.1021728515625,831.3098
2022-10-12,846.9077758789062,834.8069
2022-10-13,832.52197265625,837.1582
2022-10-14,848.7608642578125,837.0185
2022-10-17,863.3416748046875,837.13696
2022-10-18,874.7527465820312,838.837
2022-10-19,870.0712890625,842.50464
2022-10-20,866.7064819335938,846.49396
2022-10-21,884.7496948242188,849.9661
2022-10-24,903.4267578125,854.69867
2022-10-25,902.2076416015624,861.6105
2022-10-27,901.57373046875,868.9444
2022-10-28,885.432373046875,875.7441
2022-10-31,886.2614135742188,879.7516
2022-11-01,886.163818359375,881.76404
2022-11-02,882.3601684570312,882.2543
2022-11-03,886.2127075195312,881.3056
2022-11-04,882.9453125,879.97986
2022-11-07,894.8441162109375,878.16187
2022-11-09,888.0169067382812,877.5253
2022-11-10,888.2119750976562,876.8723
2022-11-11,884.1644897460938,876.35657
2022-11-14,872.8509521484375,875.53595
2022-11-15,889.1873779296875,873.4158
2022-11-16,891.0404052734375,872.52747
2022-11-17,897.0872802734375,872.5792
2022-11-18,897.6237182617188,873.87854
2022-11-21,898.6478271484375,875.8601
2022-11-22,900.8909912109376,878.1879
2022-11-23,904.5484008789062,880.73456
2022-11-24,915.6668701171876,883.5387
2022-11-25,907.3280029296876,887.39557
2022-11-28,914.252685546875,890.5412
2022-11-29,923.3717651367188,893.73584
2022-11-30,929.3699951171876,897.5601
2022-12-01,916.9835815429688,901.9736
2022-12-02,907.62060546875,904.9162
2022-12-05,910.5465087890624,905.7008
2022-12-06,899.866943359375,905.4108
2022-12-07,899.3792724609375,903.26904
2022-12-08,908.8885498046876,900.2074
2022-12-09,906.9379272460938,897.9053
2022-12-12,907.3280029296876,896.03546
2022-12-13,909.91259765625,894.7026
2022-12-14,898.9891967773438,894.1263
2022-12-15,886.35888671875,892.8872
2022-12-16,879.726806640625,890.07825
2022-12-19,884.0669555664062,885.9389
2022-12-20,887.2366943359375,881.8936
2022-12-21,870.2175903320312,878.63104
2022-12-22,868.6571044921875,874.35895
2022-12-23,857.197265625,869.8635
2022-12-26,871.1441650390625,864.46625
2022-12-27,878.41015625,860.63434
2022-12-28,876.752197265625,858.8603
2022-12-29,885.62744140625,858.36615
2022-12-30,868.8521728515625,859.7173
2023-01-02,880.1657104492188,860.24695
2023-01-03,879.0928344726562,861.54663
2023-01-04,876.8984375,862.9917
2023-01-05,857.4411010742188,864.16296
2023-01-06,848.6145629882812,862.972
2023-01-09,851.7843017578125,859.602
2023-01-10,840.08056640625,855.5821
2023-01-11,844.9083862304688,850.28107
2023-01-12,839.3978881835938,845.3154
2023-01-13,851.8818359375,840.4433
2023-01-16,843.88427734375,837.49884
2023-01-17,843.7868041992188,835.1397
2023-01-18,848.0293579101562,833.4513
2023-01-19,844.7620849609375,832.80634
2023-01-20,848.8583374023438,832.512
2023-01-23,850.1751098632812,832.93207
2023-01-24,849.2484741210938,833.87286
2023-01-25,834.1799926757812,834.94525
2023-01-27,797.0208129882812,834.40015
2023-01-30,803.165283203125,829.04956
2023-01-31,811.3578491210938,822.0949
2023-02-01,827.0115356445312,815.6156
2023-02-02,836.7158203125,811.6904
2023-02-03,842.4700927734375,810.71875
2023-02-06,832.6195068359375,812.29095
2023-02-07,831.6929321289062,814.26117
2023-02-08,837.8861083984375,816.2563
2023-02-09,839.544189453125,818.7102
2023-02-10,832.7658081054688,821.3325
2023-02-13,829.6448364257812,823.06915
2023-02-14,843.9330444335938,823.7816
2023-02-15,849.2971801757812,825.2952
2023-02-16,847.9806518554688,827.63074
2023-02-17,841.3485107421875,830.087
2023-02-20,831.0590209960938,831.67926
2023-02-21,833.1072387695312,831.50745
2023-02-22,818.5263061523438,830.50635
2023-02-23,819.0139770507812,827.50464
2023-02-24,818.9652709960938,823.6882
2023-02-27,835.2528686523438,819.7197
2023-02-28,833.7410888671875,817.775
2023-03-01,835.1552734375,817.04565
2023-03-02,832.912109375,817.34064
2023-03-03,847.102783203125,818.01196
2023-03-06,846.322509765625,820.36865
2023-03-08,850.5651245117188,823.3777
2023-03-09,834.81396484375,826.9628
2023-03-10,821.8424072265625,828.85046
2023-03-13,807.9442749023438,828.2006
2023-03-14,809.8461303710938,824.608
2023-03-15,805.5059814453125,819.79675
2023-03-16,803.5553588867188,814.2202
2023-03-17,815.6004028320312,808.5551
2023-03-20,815.7954711914062,804.68884
2023-03-21,831.3515625,802.3012
2023-03-22,838.9590454101562,802.7424
2023-03-23,834.3262939453125,805.64465
2023-03-24,831.3515625,809.30035
2023-03-27,827.7429809570312,812.7908
2023-03-28,833.6436157226562,815.4534
2023-03-29,829.9862060546875,817.95874
2023-03-31,855.5880126953125,819.6774
2023-04-03,861.9761962890625,823.4594
2023-04-05,862.7564697265625,828.67706
2023-04-06,853.3935546875,834.34296
2023-04-10,847.0052490234375,838.7209
2023-04-11,860.1231689453125,841.2091
2023-04-12,868.1694946289062,843.664
2023-04-13,876.8009033203125,846.5963
2023-04-17,879.0441284179688,850.40326
2023-04-18,874.7039794921875,854.56116
2023-04-19,869.8762817382812,858.0377
2023-04-20,872.3145141601562,860.2319
2023-04-21,863.7805786132812,861.6678
2023-04-24,882.408935546875,861.5269
2023-04-25,890.8941040039062,862.4546
2023-04-26,892.3570556640625,864.7292
2023-04-27,895.6730346679688,867.737
2023-04-28,894.9904174804688,871.2578
2023-05-02,899.3305053710938,874.64343
2023-05-03,900.0619506835938,878.06573
2023-05-04,898.9403686523438,881.19946
2023-05-05,904.060791015625,883.6999
2023-05-08,914.7403564453124,886.10077
2023-05-09,911.3267822265624,889.3048
2023-05-10,912.9360961914062,892.2404
2023-05-11,916.00830078125,894.9131
2023-05-12,920.5922241210938,897.4594
2023-05-15,922.396484375,900.134
2023-05-16,922.981689453125,902.7739
2023-05-17,916.154541015625,905.17017
2023-05-18,923.1279907226562,906.4155
2023-05-19,930.7353515625,907.6129
2023-05-22,926.8828735351562,909.42017
2023-05-23,929.857666015625,910.95135
2023-05-24,917.4225463867188,912.5119
2023-05-25,916.6421508789062,912.54565
2023-05-26,927.2243041992188,911.6246
2023-05-29,924.7372436523438,911.3406
2023-05-30,926.4928588867188,911.13275
2023-05-31,925.712646484375,911.2198
2023-06-01,912.9848022460938,911.3888
2023-06-02,914.9841918945312,910.2158
2023-06-05,923.3717651367188,908.63617
2023-06-06,918.8366088867188,907.84906
2023-06-07,916.9835815429688,907.0898
2023-06-08,914.7403564453124,906.276
2023-06-09,914.8866577148438,905.2855
2023-06-12,912.8385009765624,904.3215
2023-06-13,920.2507934570312,903.2522
2023-06-14,916.5934448242188,903.05304
2023-06-15,903.7193603515624,902.9732
2023-06-16,911.1317138671876,901.6195
2023-06-19,900.3546752929688,900.5067
2023-06-20,902.6953125,898.42413
2023-06-21,901.8663330078124,896.29016
2023-06-22,902.890380859375,894.2315
2023-06-23,900.6959838867188,892.55634
2023-06-26,904.5484008789062,891.05646
2023-06-27,912.9848022460938,890.2618
2023-06-28,914.3014526367188,890.88074
2023-06-30,911.5218505859376,892.41693
2023-07-03,919.2755126953124,894.0762
2023-07-04,921.3724365234376,896.5072
2023-07-05,934.3440551757812,899.34076
2023-07-06,935.7095336914062,903.5357
2023-07-07,923.0304565429688,908.2098
2023-07-10,924.9810791015624,911.3192
2023-07-11,921.6162719726562,913.42334
2023-07-12,921.0798950195312,914.2683
2023-07-13,932.100830078125,914.18854
2023-07-14,936.3433837890624,914.7292
2023-07-17,944.77978515625,915.9769
2023-07-18,951.3630981445312,918.4386
2023-07-19,949.4125366210938,922.0691
2023-07-20,971.0155029296876,925.7993
2023-07-21,972.3809814453124,931.59064
2023-07-24,967.5044555664062,938.0514
2023-07-25,970.1378173828124,943.72516
2023-07-26,971.8445434570312,948.63135
2023-07-27,965.7976684570312,952.68634
2023-07-28,971.6007690429688,955.0844
2023-07-31,973.64892578125,956.8682
2023-08-01,969.991455078125,958.23956
2023-08-02,962.5791625976562,958.7831
2023-08-03,941.171142578125,957.9559
2023-08-04,946.5353393554688,954.04156
2023-08-07,951.5582275390624,949.3543
2023-08-08,963.6045532226562,945.153
2023-08-09,964.397705078125,942.98535
2023-08-10,955.87109375,942.3292
2023-08-11,944.7171020507812,941.775
2023-08-14,951.3599243164062,940.1974
2023-08-16,948.3359375,938.95636
2023-08-17,943.5274047851562,937.6619
2023-08-18,942.535888671875,935.97894
2023-08-21,947.0470581054688,934.1652
2023-08-22,943.8743896484376,932.9657
2023-08-23,958.5975952148438,931.90283
2023-08-24,960.6796875,932.6913
2023-08-25,962.1173706054688,934.68384
2023-08-28,962.2660522460938,937.3932
2023-08-29,959.4899291992188,940.28674
2023-08-30,950.7155151367188,942.6898
2023-08-31,950.5667724609376,943.58624
2023-09-01,960.4318237304688,943.48694
2023-09-04,959.0933227539062,943.8432
2023-09-05,960.1343994140624,944.2178
2023-09-06,949.3274536132812,944.7005
2023-09-07,957.4078979492188,944.0022
2023-09-08,962.2660522460938,943.60785
2023-09-11,969.9003295898438,943.899
2023-09-12,982.0457763671876,945.3971
2023-09-13,981.3517456054688,948.7822
2023-09-14,979.2696533203124,952.83704
2023-09-15,983.9791259765624,956.6761
2023-09-18,981.7483520507812,960.50903
2023-09-20,978.724365234375,963.63745
2023-09-21,951.112060546875,965.6714
2023-09-22,942.1888427734376,963.7574
2023-09-25,948.1871948242188,958.7986
2023-09-26,940.6025390625,953.14856
2023-09-27,935.05029296875,946.75586
2023-09-28,934.5545654296876,940.0305
2023-09-29,943.7752685546876,933.7926
2023-10-03,932.2742309570312,929.52783
2023-10-04,922.1116943359376,925.6266
2023-10-05,932.8195190429688,921.3648
2023-10-06,937.1324462890624,918.5679
2023-10-09,930.5887451171876,917.36786
2023-10-10,943.0812377929688,916.57446
2023-10-11,944.9649658203124,917.55414
2023-10-12,946.1051635742188,919.6655
2023-10-13,943.1803588867188,922.4043
2023-10-16,943.279541015625,924.93646
2023-10-17,945.7581787109376,927.11304
2023-10-18,935.6947631835938,929.10596
2023-10-19,927.7630615234376,929.6501
2023-10-20,924.7886962890624,928.43524
2023-10-23,922.0125732421876,925.9622
2023-10-25,908.28076171875,922.6605
2023-10-26,900.8944091796876,917.69824
2023-10-27,904.9594116210938,911.5085
2023-10-30,917.0056762695312,905.67426
2023-10-31,907.5371704101562,901.93524
2023-11-01,906.248291015625,898.7942
2023-11-02,912.0979614257812,896.3089
2023-11-03,925.8297119140624,895.13513
2023-11-06,937.3803100585938,896.35583
2023-11-07,940.0076293945312,900.126
2023-11-08,927.7630615234376,905.3407
2023-11-09,929.349365234375,909.593
2023-11-10,930.5887451171876,913.0641
2023-11-13,926.4741821289062,915.7841
2023-11-15,933.0673828125,917.28033
2023-11-16,928.0109252929688,918.5962
2023-11-17,913.981689453125,919.0489
2023-11-20,913.5851440429688,917.41956
2023-11-21,918.1954345703124,914.70447
2023-11-22,914.8740234375,912.0704
2023-11-23,915.1218872070312,909.3561
2023-11-24,921.46728515625,906.9293
2023-11-28,917.6005859375,905.6206
2023-11-29,931.5802001953124,904.6839
2023-11-30,926.9699096679688,905.63586
2023-12-01,938.61962890625,907.0719
2023-12-04,982.7398071289062,909.984
2023-12-05,1004.7998657226562,918.25586
2023-12-06,994.6869506835938,931.1673
2023-12-07,990.4732055664062,944.44507
2023-12-08,1002.2220458984376,956.20276
2023-12-11,1008.418701171875,967.07385
2023-12-12,1007.0307006835938,976.7977
2023-12-13,1005.2460327148438,984.5485
2023-12-14,1024.8275146484375,990.03094
2023-12-15,1028.5455322265625,995.6852
2023-12-18,1012.7316284179688,1001.06885
2023-12-19,1006.7828369140624,1003.9028
2023-12-20,998.0579223632812,1004.2896
2023-12-21,995.8271484375,1002.13214
2023-12-22,985.8132934570312,998.40485
2023-12-26,986.6064453125,992.965
2023-12-27,993.6954956054688,987.195
2023-12-28,997.3143310546876,982.59863
2023-12-29,988.0936889648438,979.5702
2024-01-01,990.8698120117188,976.8096
2024-01-02,973.8661499023438,974.91504
2024-01-03,975.6508178710938,971.8566
2024-01-04,978.724365234375,968.747
2024-01-05,985.2184448242188,966.2535
2024-01-08,973.6182861328124,965.1185
2024-01-09,971.3875122070312,963.64264
2024-01-10,984.573974609375,961.9863
2024-01-11,982.6902465820312,961.8725
2024-01-12,994.934814453125,962.43286
2024-01-15,1001.2305908203124,964.75916
2024-01-16,1000.4374389648438,968.56305
2024-01-17,973.3704223632812,972.7797
2024-01-18,977.93115234375,973.8226
2024-01-19,990.6715087890624,973.4927
2024-01-23,1020.2667846679688,973.6729
2024-01-24,990.6715087890624,977.33264
2024-01-25,1001.3297729492188,979.2702
2024-01-29,1007.7247314453124,981.39526
2024-01-30,1008.220458984375,984.0008
2024-01-31,1019.3744506835938,986.6301
2024-02-01,1016.4000244140624,990.2372
2024-02-02,1015.2598266601562,993.6424
2024-02-05,1014.7640991210938,996.4614
2024-02-06,1017.6393432617188,998.5548
2024-02-07,1013.4256591796876,1000.2822
2024-02-08,980.8560180664062,1001.08704
2024-02-09,1002.0733642578124,997.61346
2024-02-12,987.5979614257812,994.4711
2024-02-13,1011.0956420898438,990.0227
2024-02-14,1013.970947265625,987.98846
2024-02-15,1007.9725952148438,987.7941
2024-02-16,1014.5162353515624,988.115
2024-02-19,1034.84130859375,989.5225
2024-02-20,1039.798583984375,993.6753
2024-02-21,1042.97119140625,999.5047
2024-02-22,1053.6295166015625,1006.1124
2024-02-23,1052.241455078125,1013.68896
2024-02-26,1045.2020263671875,1020.8178
2024-02-27,1051.1507568359375,1026.1254
2024-02-28,1037.270263671875,1030.4443
2024-02-29,1043.2191162109375,1032.034
2024-03-01,1077.6229248046875,1032.5322
2024-03-04,1083.0263671875,1036.1003
2024-03-05,1078.76318359375,1041.5074
2024-03-06,1087.73583984375,1046.9943
2024-03-07,1078.6639404296875,1053.0071
2024-03-11,1069.492919921875,1057.5654
2024-03-12,1067.65869140625,1059.7513
2024-03-13,1074.6981201171875,1060.0645
2024-03-14,1074.35107421875,1059.9603
2024-03-15,1071.1287841796875,1059.4836
2024-03-18,1071.9715576171875,1058.4652
2024-03-19,1074.6981201171875,1057.3427
2024-03-20,1075.243408203125,1056.5731
2024-03-21,1072.5665283203125,1056.1438
2024-03-22,1080.9940185546875,1055.6699
2024-03-26,1074.4501953125,1056.2074
2024-03-27,1074.4998779296875,1056.4976
2024-03-28,1083.9683837890625,1056.6846
2024-04-01,1090.26416015625,1057.8627
2024-04-02,1071.9715576171875,1060.166
2024-04-03,1068.0057373046875,1060.8013
2024-04-04,1069.6416015625,1060.0623
2024-04-05,1074.15283203125,1058.7479
2024-04-08,1077.870849609375,1057.7052
2024-04-09,1097.60107421875,1057.3301
2024-04-10,1099.930908203125,1059.6366
2024-04-12,1094.9736328125,1063.4674
2024-04-15,1069.1458740234375,1067.2854
2024-04-16,1057.9423828125,1067.7904
2024-04-18,1046.4412841796875,1065.1287
2024-04-19,1058.140625,1059.5342
2024-04-22,1077.3751220703125,1054.1255
2024-04-23,1080.9443359375,1051.4695
2024-04-24,1087.388916015625,1051.067
2024-04-25,1104.2437744140625,1052.8589
2024-04-26,1098.4437255859375,1057.7117
2024-04-29,1150.247802734375,1063.1578
2024-04-30,1140.5809326171875,1074.3903
2024-05-02,1129.724365234375,1086.4406
2024-05-03,1132.30224609375,1096.599
2024-05-06,1136.5159912109375,1104.8523
2024-05-07,1122.2388916015625,1111.4321
2024-05-08,1113.414794921875,1114.5255
2024-05-09,1106.1771240234375,1114.2083
2024-05-10,1107.515625,1111.0125
2024-05-13,1118.3721923828125,1106.5638
2024-05-14,1110.98583984375,1103.0275
2024-05-15,1114.7532958984375,1099.4772
2024-05-16,1121.3961181640625,1096.8225
2024-05-17,1120.850830078125,1095.7325
2024-05-21,1111.38232421875,1095.6133
2024-05-22,1101.6163330078125,1095.0432
2024-05-23,1124.816650390625,1093.232
2024-05-24,1122.288330078125,1093.5955
2024-05-27,1120.1568603515625,1094.7489
2024-05-28,1117.3310546875,1096.0905
2024-05-29,1092.5941162109375,1097.1144
2024-05-30,1104.1942138671875,1095.0197
2024-05-31,1111.4815673828125,1092.7858
2024-06-03,1150.0989990234375,1091.399
2024-06-04,1062.3048095703125,1095.0701
2024-06-05,1099.1873779296875,1091.0604
2024-06-06,1100.92236328125,1087.8602
2024-06-07,1112.1258544921875,1085.2405
2024-06-10,1114.2080078125,1084.5608
2024-06-11,1108.65576171875,1085.3152
2024-06-12,1109.994384765625,1086.2552
2024-06-13,1097.8984375,1087.4297
2024-06-14,1096.212890625,1087.2189
2024-06-18,1113.26611328125,1086.0911
2024-06-19,1134.681640625,1086.4664
2024-06-20,1146.9263916015625,1090.0256
2024-06-21,1148.7606201171875,1096.4165
2024-06-24,1160.11279296875,1104.0159
2024-06-25,1187.72509765625,1112.8588
2024-06-26,1207.60400390625,1124.5978
2024-06-27,1209.48779296875,1138.9027
2024-06-28,1189.3609619140625,1153.2823
2024-07-01,1201.5064697265625,1163.75
2024-07-02,1180.4378662109375,1172.2223
2024-07-03,1191.3438720703125,1175.8339
2024-07-04,1222.4759521484375,1177.4933
2024-07-05,1222.87255859375,1181.2242
2024-07-08,1224.508544921875,1185.5157
2024-07-09,1237.5958251953125,1189.889
2024-07-10,1232.5888671875,1195.3363
2024-07-11,1227.87939453125,1200.0862
2024-07-12,1222.3768310546875,1203.364
2024-07-15,1219.451904296875,1204.7356
2024-07-16,1229.3170166015625,1204.4569
2024-07-18,1239.6282958984375,1204.3555
2024-07-19,1237.992431640625,1205.4655
2024-07-22,1230.556396484375,1206.9055
2024-07-23,1216.279296875,1207.5498
2024-07-24,1212.561279296875,1206.0298
2024-07-25,1187.675537109375,1203.0508
2024-07-26,1196.8961181640625,1196.5913
2024-07-29,1202.34912109375,1190.0568
2024-07-30,1199.126953125,1184.713
2024-07-31,1204.530517578125,1180.2877
2024-08-01,1199.7713623046875,1177.6271
2024-08-02,1186.337158203125,1175.7649
2024-08-05,1162.5914306640625,1173.1174
2024-08-06,1156.8905029296875,1167.6637
2024-08-07,1162.4427490234375,1160.6661
2024-08-08,1154.6597900390625,1154.1732
2024-08-09,1161.5999755859375,1147.7518
2024-08-12,1172.800048828125,1143.0032
2024-08-13,1168.3499755859375,1141.0634
2024-08-14,1161.6500244140625,1140.4874
2024-08-16,1187.25,1140.1364
2024-08-19,1175.9000244140625,1143.0269
2024-08-20,1179.449951171875,1146.0374
2024-08-21,1174.8499755859375,1149.3691
2024-08-22,1191.0999755859375,1151.9583
2024-08-23,1203.5,1155.7451
2024-08-26,1213.300048828125,1161.1284
2024-08-27,1226.3499755859375,1167.945
2024-08-28,1223.8499755859375,1176.3419
2024-08-29,1221.9000244140625,1184.3638
2024-08-30,1229.199951171875,1191.0577
2024-09-02,1229.949951171875,1197.033
2024-09-03,1247.699951171875,1201.8658
2024-09-04,1236.3499755859375,1207.5144
2024-09-05,1235.949951171875,1211.4695
2024-09-06,1208.1500244140625,1214.0063
2024-09-09,1235.0,1212.0527
2024-09-10,1237.300048828125,1210.988
2024-09-11,1236.3499755859375,1210.4929
2024-09-12,1252.1500244140625,1210.2819
2024-09-13,1250.3499755859375,1212.1498
2024-09-16,1262.8499755859375,1214.7012
2024-09-17,1268.0999755859375,1218.9105
2024-09-18,1288.3499755859375,1224.1565
2024-09-19,1292.0,1231.8176
2024-09-20,1338.449951171875,1240.3296
2024-09-23,1321.9000244140625,1253.9407
2024-09-24,1318.5999755859375,1266.6694
2024-09-25,1323.8499755859375,1277.2622
2024-09-26,1329.050048828125,1285.9604
2024-09-27,1306.5999755859375,1293.0134
2024-09-30,1273.0,1295.446
2024-10-01,1274.4000244140625,1290.9563
2024-10-03,1256.3499755859375,1283.2297
2024-10-04,1239.75,1272.1251
2024-10-07,1233.9000244140625,1258.4152
2024-10-08,1236.5999755859375,1244.1251
2024-10-09,1244.1500244140625,1231.4521
2024-10-10,1243.5,1222.0631
2024-10-11,1223.0,1215.6235
2024-10-14,1231.75,1209.3723
2024-10-15,1255.5,1205.247
2024-10-16,1243.1500244140625,1205.6111
2024-10-17,1231.25,1207.0496
2024-10-18,1264.5,1207.8123
2024-10-21,1259.050048828125,1212.1597
2024-10-22,1267.5,1217.2407
2024-10-23,1251.5999755859375,1223.3434
2024-10-24,1252.75,1227.4342
2024-10-25,1255.449951171875,1230.1537
2024-10-28,1292.8499755859375,1231.9994
2024-10-29,1331.8499755859375,1237.4956
2024-10-30,1312.1500244140625,1248.8523
2024-10-31,1292.25,1259.8179
2024-11-01,1291.800048828125,1267.2018
2024-11-04,1277.199951171875,1271.661
2024-11-05,1296.699951171875,1271.9799
2024-11-06,1302.3499755859375,1272.1605
2024-11-07,1278.699951171875,1272.6165
2024-11-08,1258.8499755859375,1270.2899
2024-11-11,1269.300048828125,1264.4143
2024-11-12,1270.5999755859375,1258.4454
2024-11-13,1253.699951171875,1253.0677
2024-11-14,1256.949951171875,1246.6372
2024-11-18,1253.449951171875,1240.875
2024-11-19,1249.0999755859375,1235.7047
2024-11-21,1250.550048828125,1231.0204
2024-11-22,1278.050048828125,1227.399
2024-11-25,1300.949951171875,1228.0974
2024-11-26,1304.949951171875,1233.8254
2024-11-27,1300.699951171875,1242.3208
2024-11-28,1286.3499755859375,1251.0968
2024-11-29,1300.0999755859375,1257.4198
2024-12-02,1304.6500244140625,1263.3146
2024-12-03,1308.4000244140625,1268.6259
2024-12-04,1316.050048828125,1273.373
2024-12-05,1336.5,1278.1034
2024-12-06,1328.75,1284.6414
2024-12-09,1322.300048828125,1290.3711
2024-12-10,1330.449951171875,1294.2782
2024-12-11,1327.5,1297.64
2024-12-12,1329.25,1299.7831
2024-12-13,1344.9000244140625,1301.1562
2024-12-16,1346.0999755859375,1303.7325
2024-12-17,1333.75,1306.6885
2024-12-18,1314.1500244140625,1308.0435
2024-12-19,1286.9000244140625,1306.0369
2024-12-20,1288.4000244140625,1299.1172
2024-12-23,1296.800048828125,1290.4336
2024-12-24,1297.25,1282.5803
2024-12-26,1297.3499755859375,1276.0757
2024-12-27,1307.550048828125,1271.175
2024-12-30,1294.6500244140625,1269.065
2024-12-31,1281.6500244140625,1267.2805
2025-01-01,1283.6500244140625,1264.5447
2025-01-02,1290.5999755859375,1261.933
2025-01-03,1265.050048828125,1260.4963
2025-01-06,1264.0999755859375,1256.8394
